lon,lat,residents,age_0_24,age_25_64,dwellings
-8.34971,41.427016,181,59,107,60
-8.353246,41.425803,4,2,2,1
-8.325131,41.422486,31,5,16,10
-8.242992,41.425413,68,17,42,24
-8.351552,41.426291,156,30,78,63
-8.338651,41.426883,67,20,33,25
-8.338173,41.426574,39,7,20,16
-8.375086,41.3713,47,14,31,16
-8.373529,41.371518,49,13,34,16
-8.3514,41.372017,48,7,29,17
-8.349766,41.371426,48,9,28,14
-8.353012,41.37203,38,5,27,17
-8.241719,41.44987,72,19,33,25
-8.275914,41.453761,60,11,30,21
-8.310602,41.452238,55,15,24,26
-8.262846,41.453095,144,40,86,51
-8.382775,41.372897,31,6,16,9
-8.358988,41.371366,129,25,65,50
-8.362059,41.371413,67,17,38,24
-8.3522,41.372905,48,8,25,19
-8.360296,41.373018,18,0,11,9
-8.383438,41.373849,23,5,13,8
-8.34691,41.373427,63,13,32,23
-8.350022,41.372363,151,31,70,54
-8.342423,41.425237,52,11,29,20
-8.384694,41.425173,102,21,59,38
-8.354915,41.426725,39,8,20,14
-8.380252,41.425019,107,21,60,39
-8.235237,41.425831,66,17,39,25
-8.313587,41.427066,157,49,97,52
-8.355336,41.370659,157,41,92,56
-8.365,41.369673,120,18,67,50
-8.381978,41.371336,134,31,71,49
-8.386297,41.37253,42,10,21,19
-8.366394,41.372151,83,18,36,29
-8.389339,41.371885,69,13,38,28
-8.34777,41.427316,99,23,54,35
-8.363269,41.427154,155,36,104,61
-8.351319,41.427745,49,12,28,19
-8.311825,41.45169,27,4,14,10
-8.307186,41.452952,110,23,52,47
-8.304082,41.453013,99,32,61,30
-8.290301,41.450772,165,15,66,44
-8.308945,41.454059,49,6,28,22
-8.342848,41.452925,0,0,0,0
-8.316295,41.453612,48,14,21,18
-8.307976,41.454467,249,42,148,100
-8.270622,41.454614,57,15,35,25
-8.264448,41.454273,51,8,22,22
-8.330608,41.467748,133,38,67,44
-8.323558,41.467495,61,12,36,21
-8.296262,41.525481,41,9,22,15
-8.336144,41.468742,57,14,31,20
-8.411973,41.46659,10,3,6,4
-8.228909,41.466679,38,6,27,13
-8.338742,41.466433,71,15,39,20
-8.335385,41.469104,53,14,30,18
-8.283473,41.469378,45,11,29,16
-8.333325,41.468914,81,21,49,30
-8.296823,41.468318,50,14,26,17
-8.292918,41.469153,18,3,7,8
-8.288646,41.468639,58,12,28,21
-8.391873,41.466648,11,4,5,4
-8.283605,41.469842,29,3,21,15
-8.396559,41.468285,28,6,13,10
-8.353493,41.480638,67,14,41,22
-8.326347,41.480718,36,6,17,15
-8.354518,41.459659,133,35,70,45
-8.351309,41.460451,94,17,50,35
-8.353324,41.459975,58,13,32,21
-8.349317,41.459861,81,21,45,27
-8.362233,41.459954,27,4,14,8
-8.353466,41.461521,23,6,10,11
-8.37119,41.4579,124,36,72,44
-8.341344,41.48086,188,43,129,69
-8.261621,41.481364,85,14,47,33
-8.328711,41.480975,23,6,11,8
-8.356339,41.480142,143,33,81,45
-8.323559,41.481687,27,7,13,10
-8.259493,41.480623,16,4,6,6
-8.351387,41.481646,64,9,27,23
-8.228155,41.480033,39,5,23,19
-8.353249,41.481784,32,5,17,14
-8.338268,41.481262,59,18,37,19
-8.259607,41.482547,35,5,12,16
-8.377369,41.458434,34,5,24,15
-8.407309,41.46199,25,4,15,8
-8.347147,41.463526,117,19,60,46
-8.369114,41.463575,47,12,31,17
-8.352201,41.481867,61,8,32,28
-8.348496,41.481037,10,3,5,3
-8.248072,41.48368,37,9,17,12
-8.382428,41.477157,1,0,1,1
-8.320123,41.482873,165,61,97,48
-8.318263,41.483875,51,15,29,17
-8.238442,41.48025,5,1,4,2
-8.359818,41.483135,95,24,46,30
-8.25128,41.484022,56,9,25,21
-8.354262,41.483517,61,14,31,21
-8.375477,41.482275,70,17,31,25
-8.408232,41.478607,0,0,0,0
-8.293181,41.481442,7,1,6,2
-8.27649,41.481868,38,10,23,15
-8.331044,41.482112,122,37,76,40
-8.318533,41.48206,85,27,50,27
-8.255955,41.480954,45,7,25,17
-8.251688,41.480698,43,7,28,19
-8.353122,41.483051,61,15,36,24
-8.316195,41.482158,46,16,27,15
-8.321486,41.481851,114,29,74,39
-8.254237,41.482201,48,8,33,18
-8.308006,41.511704,52,12,31,18
-8.363925,41.512762,16,4,12,5
-8.312178,41.513006,45,7,25,18
-8.373638,41.512252,13,4,9,4
-8.325244,41.513329,25,6,11,11
-8.352124,41.51315,57,14,33,20
-8.354675,41.513445,25,5,15,10
-8.310278,41.516791,88,24,53,25
-8.318996,41.516087,50,18,27,16
-8.292887,41.515236,86,22,47,30
-8.276274,41.512937,0,0,0,0
-8.344686,41.526667,58,19,29,18
-8.30431,41.526036,17,1,14,9
-8.265307,41.528196,19,3,10,8
-8.368756,41.481323,9,1,6,4
-8.302305,41.480838,3,1,2,1
-8.288283,41.481194,58,19,32,16
-8.25519,41.483617,48,6,26,19
-8.314532,41.482875,25,7,18,7
-8.311094,41.482478,42,11,24,14
-8.347329,41.483759,288,78,162,107
-8.31752,41.485396,60,14,39,19
-8.276884,41.483136,51,10,31,18
-8.333886,41.525499,57,14,30,17
-8.262281,41.527899,58,7,41,19
-8.267312,41.528982,34,7,21,11
-8.296588,41.528806,29,6,20,11
-8.34832,41.512803,59,22,29,20
-8.334461,41.512978,63,17,29,22
-8.296791,41.514499,21,3,12,9
-8.289863,41.514032,68,25,36,23
-8.358289,41.51342,93,20,53,32
-8.324739,41.516161,18,6,10,6
-8.231388,41.484538,61,16,35,22
-8.328368,41.485129,52,15,30,16
-8.36043,41.487155,13,5,6,4
-8.356623,41.486365,11,3,3,4
-8.304479,41.48482,88,21,55,28
-8.351897,41.487154,26,4,11,10
-8.264047,41.483817,46,9,26,16
-8.350542,41.486851,287,68,175,113
-8.34185,41.487229,66,15,43,31
-8.298947,41.528128,84,14,23,15
-8.329032,41.528641,42,11,25,17
-8.299943,41.530412,50,15,24,14
-8.2976,41.530931,53,13,28,20
-8.350754,41.529157,10,2,3,4
-8.233829,41.527619,11,5,4,2
-8.332765,41.530453,17,3,9,7
-8.338599,41.530467,47,14,19,16
-8.306629,41.530016,22,5,15,7
-8.375248,41.526677,0,0,0,0
-8.265196,41.531289,9,1,7,5
-8.371712,41.482682,18,4,9,6
-8.349019,41.48391,169,57,104,61
-8.257202,41.483719,76,5,29,16
-8.364267,41.483188,37,13,19,11
-8.350852,41.484682,311,78,204,131
-8.345701,41.484543,89,29,43,29
-8.343501,41.483274,179,54,103,62
-8.354699,41.484658,119,45,67,39
-8.356232,41.484102,50,18,30,15
-8.367081,41.482802,30,6,19,10
-8.257648,41.484244,61,10,32,21
-8.348287,41.484731,584,153,356,227
-8.346779,41.485118,66,16,37,27
-8.280782,41.482505,93,25,52,29
-8.226566,41.484067,27,12,13,10
-8.260932,41.484188,88,23,55,30
-8.349057,41.48556,66,15,43,22
-8.331653,41.484312,31,9,18,9
-8.252526,41.48503,34,8,25,13
-8.34495,41.485575,6,1,3,3
-8.279896,41.484375,62,16,40,23
-8.324803,41.483993,33,9,14,12
-8.367288,41.485128,21,4,11,8
-8.351364,41.484783,85,28,42,29
-8.269157,41.483345,44,7,28,17
-8.360925,41.485064,16,2,11,6
-8.3542,41.485768,135,29,74,54
-8.391095,41.482666,0,0,0,0
-8.318672,41.485815,56,10,45,17
-8.221534,41.482412,0,0,0,0
-8.297105,41.483473,1,0,1,1
-8.409354,41.447469,27,10,15,9
-8.356182,41.448367,43,9,26,15
-8.313272,41.485727,30,7,23,9
-8.254591,41.485324,116,25,82,38
-8.288683,41.4852,0,0,0,0
-8.343278,41.48687,75,17,44,29
-8.37425,41.485846,28,3,18,11
-8.322277,41.486183,64,21,35,19
-8.383387,41.482532,0,0,0,0
-8.259903,41.487329,43,5,16,16
-8.336647,41.484337,15,0,9,7
-8.357501,41.487721,29,7,13,10
-8.283042,41.48655,68,13,44,24
-8.320811,41.487504,33,12,19,9
-8.306349,41.487145,35,9,20,15
-8.349562,41.487366,193,49,116,75
-8.34803,41.487631,0,0,0,0
-8.354651,41.487495,90,21,49,38
-8.370961,41.48642,59,1,18,6
-8.340786,41.48806,27,2,16,9
-8.261134,41.488288,21,2,11,9
-8.243074,41.483621,0,0,0,0
-8.346198,41.487783,112,29,69,42
-8.339696,41.487687,115,22,55,41
-8.281817,41.488198,37,12,17,11
-8.344113,41.48752,80,22,45,30
-8.34253,41.488304,35,11,20,12
-8.319648,41.488129,54,14,32,19
-8.261873,41.487247,38,12,23,11
-8.40061,41.451456,40,11,25,15
-8.396156,41.441604,66,21,41,22
-8.399568,41.442668,13,3,3,5
-8.404859,41.443878,42,3,18,17
-8.394281,41.444294,47,10,31,16
-8.400326,41.445585,33,9,12,13
-8.396381,41.444324,125,29,77,43
-8.400851,41.444676,98,16,49,40
-8.394354,41.36408,29,9,14,10
-8.36968,41.365715,6,0,3,3
-8.358791,41.368627,103,23,51,34
-8.386472,41.37388,42,10,25,15
-8.381991,41.374174,27,3,13,11
-8.254836,41.510878,30,5,20,12
-8.39419,41.445794,57,15,40,21
-8.359676,41.508789,46,15,25,14
-8.380525,41.510699,37,16,18,10
-8.302269,41.508647,11,3,7,4
-8.290854,41.511977,77,21,42,26
-8.35239,41.510015,85,23,40,29
-8.317798,41.511305,47,10,30,15
-8.323477,41.510759,46,18,22,10
-8.384508,41.510054,29,7,17,10
-8.239298,41.511655,15,4,10,5
-8.34956,41.511691,10,3,7,3
-8.342968,41.512149,47,13,24,15
-8.314565,41.51068,84,26,45,34
-8.385734,41.37496,19,2,14,11
-8.388867,41.375494,121,40,69,41
-8.377129,41.374451,103,27,55,33
-8.321333,41.375377,39,8,22,13
-8.330254,41.376546,24,4,14,8
-8.384693,41.377131,88,17,58,35
-8.349711,41.376669,62,16,27,20
-8.304801,41.519697,54,14,29,22
-8.323718,41.522369,62,13,40,20
-8.294191,41.520252,38,7,27,11
-8.372345,41.52,16,2,9,6
-8.386548,41.518387,12,2,6,5
-8.289138,41.521194,41,15,20,10
-8.321978,41.522647,36,12,18,14
-8.327931,41.522038,73,15,34,28
-8.316701,41.520468,15,3,6,5
-8.308893,41.520752,35,10,20,13
-8.345761,41.521856,58,18,33,19
-8.368352,41.521774,20,2,7,9
-8.327447,41.523592,24,3,10,10
-8.333972,41.520921,93,23,56,27
-8.320044,41.509983,56,14,35,22
-8.325294,41.509585,32,5,19,10
-8.336614,41.5069,0,0,0,0
-8.244576,41.509876,26,5,14,11
-8.37691,41.510014,18,5,11,6
-8.289614,41.51068,29,6,12,13
-8.328079,41.510011,12,2,4,5
-8.252664,41.511564,103,31,69,29
-8.369091,41.511166,21,2,15,7
-8.34632,41.374585,88,24,47,34
-8.383751,41.374776,56,8,29,24
-8.362468,41.376007,32,3,20,12
-8.352165,41.37739,81,14,48,28
-8.334978,41.377735,51,10,30,19
-8.332119,41.377475,48,9,28,20
-8.32004,41.37787,49,13,30,17
-8.363534,41.445006,7,1,2,3
-8.406863,41.44595,123,34,63,43
-8.355828,41.446306,48,10,24,18
-8.365865,41.446047,58,11,38,21
-8.351148,41.447094,26,5,15,8
-8.358594,41.446845,1,0,0,1
-8.300639,41.523024,46,10,21,17
-8.411264,41.44741,67,16,34,22
-8.355852,41.449391,21,1,15,10
-8.408145,41.448043,71,18,42,25
-8.36417,41.449404,69,14,43,27
-8.415392,41.449767,74,16,39,28
-8.366348,41.523041,28,8,16,8
-8.270212,41.523895,19,4,12,6
-8.347866,41.523663,19,5,9,8
-8.252659,41.518127,64,16,40,20
-8.263164,41.522068,0,0,0,0
-8.328446,41.525673,15,5,8,7
-8.240251,41.519746,0,0,0,0
-8.277906,41.522771,6,2,3,1
-8.380005,41.521058,0,0,0,0
-8.272708,41.525895,48,9,23,17
-8.297779,41.52499,96,20,44,34
-8.274326,41.52657,29,6,12,12
-8.290285,41.524747,16,5,9,5
-8.355874,41.524331,2,0,0,1
-8.2682,41.526814,26,5,14,12
-8.327354,41.527146,68,18,39,25
-8.322869,41.525605,47,9,27,18
-8.339568,41.524351,75,26,44,20
-8.273057,41.52768,42,10,25,17
-8.269715,41.529298,37,10,20,13
-8.325921,41.529496,31,8,19,11
-8.34249,41.52872,31,9,17,12
-8.279971,41.526764,20,4,9,8
-8.317615,41.526714,2,0,2,1
-8.302951,41.529018,46,13,22,16
-8.326113,41.525222,68,14,38,24
-8.349846,41.523638,11,2,5,4
-8.270903,41.526828,29,6,14,13
-8.301179,41.525529,90,28,52,30
-8.307648,41.465512,67,16,33,24
-8.303011,41.466022,31,9,14,10
-8.280588,41.466127,101,24,60,39
-8.316525,41.465046,86,25,47,30
-8.267782,41.466133,123,34,76,47
-8.328466,41.46686,87,26,48,30
-8.334844,41.46624,74,17,38,26
-8.280132,41.46761,82,20,42,27
-8.282959,41.467632,73,16,37,29
-8.27646,41.468017,67,17,46,30
-8.321301,41.466706,38,14,19,13
-8.292965,41.467369,46,12,25,14
-8.340362,41.466915,37,6,15,14
-8.363201,41.464044,75,21,44,26
-8.360351,41.466809,3,1,1,1
-8.285659,41.468125,84,18,45,29
-8.377115,41.466466,46,15,21,16
-8.270975,41.479672,123,33,66,41
-8.25069,41.479661,75,19,36,25
-8.3461,41.480354,492,163,309,173
-8.256694,41.453025,32,11,18,11
-8.291557,41.452919,36,4,22,17
-8.282476,41.454194,322,90,212,127
-8.260994,41.454698,73,15,36,29
-8.293179,41.454594,5,0,1,3
-8.29924,41.453462,83,25,47,27
-8.299812,41.453465,145,28,65,65
-8.287364,41.453293,236,64,155,98
-8.33325,41.454779,12,2,6,4
-8.270891,41.455302,48,10,21,17
-8.274769,41.455057,26,2,14,11
-8.323301,41.449501,41,8,21,14
-8.278696,41.454471,352,98,210,133
-8.293497,41.455207,39,10,23,14
-8.305358,41.454231,234,66,139,80
-8.261606,41.433533,36,10,23,13
-8.287715,41.437099,80,22,41,32
-8.231525,41.43436,64,15,37,25
-8.291721,41.438306,135,20,75,66
-8.34837,41.437194,38,11,17,14
-8.2645,41.478419,147,32,100,59
-8.318177,41.480516,62,27,33,17
-8.30492,41.47789,2,0,1,1
-8.256641,41.472108,112,32,68,39
-8.290357,41.472869,18,5,12,7
-8.354544,41.473454,54,12,26,20
-8.334495,41.472165,26,3,18,9
-8.223177,41.471957,36,9,23,12
-8.355881,41.473122,76,18,46,25
-8.343591,41.473628,74,20,40,20
-8.321291,41.473064,86,21,49,27
-8.384056,41.452073,28,7,20,11
-8.197781,41.558928,0,0,0,0
-8.198397,41.561719,21,7,8,7
-8.202144,41.563032,14,2,5,6
-8.195553,41.565719,9,1,5,3
-8.197017,41.567443,6,0,2,4
-8.26387,41.427282,30,7,14,11
-8.296447,41.429282,224,58,118,76
-8.294732,41.430004,47,12,24,16
-8.298394,41.429185,79,14,39,35
-8.283064,41.428456,53,10,32,19
-8.25419,41.428831,38,11,24,12
-8.311351,41.429473,99,20,54,34
-8.324491,41.429566,77,16,43,30
-8.327138,41.427871,80,25,47,22
-8.28414,41.462781,61,16,37,22
-8.349259,41.463732,63,12,30,26
-8.310479,41.464028,50,12,26,17
-8.249944,41.462439,34,11,15,11
-8.292405,41.462469,87,21,50,36
-8.367524,41.516029,63,18,39,22
-8.301274,41.518231,0,0,0,0
-8.349099,41.517299,48,15,25,15
-8.358915,41.50375,62,18,35,22
-8.286749,41.50207,10,2,8,3
-8.319713,41.505385,64,15,39,24
-8.311858,41.503213,39,11,24,11
-8.388851,41.505112,3,0,1,2
-8.31718,41.504498,64,13,36,21
-8.244156,41.409127,33,6,21,14
-8.366285,41.409744,51,13,30,15
-8.292516,41.409936,77,8,52,29
-8.389495,41.432311,76,7,47,33
-8.313529,41.431832,72,16,40,26
-8.34397,41.432613,75,11,36,29
-8.346263,41.433573,59,25,30,18
-8.359309,41.43369,75,22,44,24
-8.402031,41.432619,101,30,62,29
-8.349701,41.431579,83,12,43,37
-8.266218,41.432033,36,14,18,9
-8.343817,41.428271,14,4,8,6
-8.359674,41.428612,194,48,109,73
-8.303641,41.430629,32,5,17,13
-8.305252,41.430133,56,12,33,20
-8.345901,41.430168,215,39,126,90
-8.383379,41.442633,80,30,46,26
-8.313476,41.443416,61,13,35,21
-8.36914,41.441261,0,0,0,0
-8.348498,41.441388,48,10,30,18
-8.320489,41.443604,81,30,45,24
-8.342937,41.441512,64,14,35,20
-8.317609,41.442759,46,3,30,23
-8.308073,41.444308,34,5,17,12
-8.300951,41.448736,281,74,160,114
-8.339499,41.448514,68,17,35,22
-8.333551,41.446469,87,19,47,31
-8.348689,41.448544,28,6,16,11
-8.345248,41.448214,103,23,69,33
-8.379368,41.448425,0,0,0,0
-8.346407,41.448742,73,15,43,27
-8.306687,41.448477,328,91,199,133
-8.397584,41.485676,0,0,0,0
-8.324307,41.489138,48,10,28,20
-8.346948,41.489567,203,52,121,74
-8.259411,41.489153,34,5,16,15
-8.257802,41.489615,62,15,39,23
-8.355426,41.489309,107,10,61,46
-8.341035,41.490044,62,14,31,22
-8.303236,41.488946,5,2,3,2
-8.294859,41.490368,52,16,29,17
-8.227006,41.488544,7,2,4,2
-8.310535,41.458059,377,134,204,132
-8.298645,41.458655,285,87,177,108
-8.312484,41.460303,42,7,21,18
-8.292197,41.460447,143,32,73,64
-8.402832,41.45939,44,9,27,16
-8.343594,41.459894,95,29,51,33
-8.30694,41.459055,35,8,22,12
-8.345535,41.51125,40,9,21,15
-8.305759,41.509528,11,3,7,4
-8.294638,41.511211,35,5,18,14
-8.245794,41.511852,54,9,33,18
-8.341582,41.512943,32,9,18,12
-8.316737,41.514763,38,8,14,14
-8.299643,41.514958,81,24,46,29
-8.26409,41.511911,8,2,4,3
-8.373159,41.515719,11,4,5,3
-8.351305,41.516863,60,14,35,19
-8.352712,41.414251,82,15,50,32
-8.303862,41.413229,2,0,0,1
-8.304764,41.413988,59,18,31,19
-8.322793,41.412968,124,16,77,50
-8.353159,41.415635,84,17,49,32
-8.279509,41.414463,29,12,16,10
-8.307212,41.41563,74,16,36,32
-8.270541,41.413764,64,11,36,24
-8.351033,41.415843,84,21,52,31
-8.288376,41.414593,81,16,52,31
-8.307899,41.416003,39,7,25,18
-8.336445,41.411209,0,0,0,0
-8.356998,41.414624,34,12,17,12
-8.349482,41.416307,58,14,40,18
-8.365619,41.41522,32,7,16,10
-8.283184,41.415671,45,16,22,16
-8.32116,41.416182,52,10,33,17
-8.266846,41.448707,50,15,28,15
-8.279237,41.450718,379,127,231,138
-8.264863,41.450143,57,14,35,21
-8.259629,41.449102,70,18,44,25
-8.25938,41.449116,121,27,82,45
-8.262473,41.449568,138,38,83,51
-8.308511,41.44941,33,7,19,13
-8.286436,41.450841,73,11,44,33
-8.279069,41.449437,394,118,244,150
-8.338526,41.450769,59,17,35,24
-8.307583,41.451265,0,0,0,0
-8.314298,41.450556,115,40,62,35
-8.346186,41.450539,6,0,5,3
-8.279609,41.451443,311,87,176,116
-8.27779,41.451457,544,180,331,201
-8.388821,41.445967,80,18,46,28
-8.314145,41.5365,0,0,0,0
-8.300486,41.429953,192,32,55,33
-8.31502,41.430046,70,12,38,27
-8.2467,41.429502,68,16,36,22
-8.319433,41.430076,37,11,21,12
-8.306272,41.431546,40,8,20,16
-8.230925,41.428937,45,7,28,17
-8.309491,41.430941,87,17,46,31
-8.302681,41.431646,46,7,18,20
-8.355103,41.430975,43,8,23,23
-8.381487,41.430959,36,3,23,15
-8.338971,41.428818,0,0,0,0
-8.357355,41.43124,91,33,46,27
-8.278635,41.447011,19,7,11,6
-8.342266,41.448135,55,7,28,24
-8.294999,41.44905,178,45,94,78
-8.25537,41.457333,100,25,60,34
-8.264528,41.458816,67,23,39,23
-8.293398,41.458044,120,24,60,50
-8.268556,41.45921,30,6,15,11
-8.287693,41.458965,167,34,88,71
-8.311596,41.45916,77,10,43,33
-8.285894,41.460302,174,51,92,61
-8.317299,41.459185,123,28,73,47
-8.248021,41.459743,56,16,35,22
-8.283015,41.459658,95,20,59,41
-8.314053,41.459896,217,39,119,92
-8.25156,41.459902,77,21,47,27
-8.349925,41.489743,173,38,97,68
-8.373329,41.489596,7,1,5,4
-8.337772,41.490251,149,45,94,51
-8.34877,41.49105,398,141,253,138
-8.338698,41.491195,47,13,26,18
-8.345495,41.491482,51,4,26,21
-8.317971,41.490878,67,16,38,26
-8.340614,41.490488,172,36,96,60
-8.34719,41.491239,124,33,76,46
-8.311674,41.490459,36,11,20,11
-8.261266,41.458364,64,22,37,20
-8.328387,41.45872,46,12,29,14
-8.323051,41.459015,38,14,21,11
-8.267053,41.460877,56,13,38,21
-8.343045,41.460912,32,5,13,13
-8.345717,41.459157,66,10,26,28
-8.308138,41.515825,89,30,50,29
-8.35452,41.515734,145,32,91,50
-8.344128,41.515587,8,2,6,3
-8.388896,41.511334,0,0,0,0
-8.355846,41.516876,196,62,114,61
-8.334772,41.516488,37,9,22,12
-8.298627,41.517337,37,8,24,13
-8.379483,41.515497,58,14,31,19
-8.357013,41.518492,79,23,35,30
-8.337051,41.519497,58,10,34,18
-8.342299,41.518757,1,0,1,1
-8.360916,41.517801,63,17,40,19
-8.340249,41.519966,40,14,17,15
-8.365636,41.517516,36,6,19,14
-8.358837,41.472765,33,6,19,11
-8.369013,41.470775,6,2,3,2
-8.300753,41.472547,37,8,22,15
-8.393113,41.472314,43,11,22,16
-8.317931,41.472274,91,30,51,30
-8.3063,41.53934,0,0,0,0
-8.22531,41.542474,35,8,19,13
-8.218224,41.544516,5,0,4,3
-8.22328,41.544602,36,13,19,12
-8.226396,41.54652,19,5,10,7
-8.220232,41.546935,29,8,16,8
-8.214223,41.546195,14,0,5,6
-8.221776,41.547964,19,5,7,7
-8.211063,41.548252,10,1,5,5
-8.219768,41.549846,16,6,10,6
-8.221867,41.549731,9,1,6,3
-8.227429,41.549073,0,0,0,0
-8.230911,41.548385,20,5,15,7
-8.227338,41.550201,21,2,12,8
-8.22467,41.550958,18,2,10,8
-8.217087,41.550212,46,9,24,20
-8.221799,41.550959,22,5,8,9
-8.213933,41.551203,16,2,4,7
-8.2186,41.551903,15,3,9,6
-8.303606,41.431158,119,21,62,50
-8.306376,41.431944,65,9,26,29
-8.304717,41.431856,119,24,61,47
-8.358974,41.431607,99,19,57,40
-8.286826,41.430586,62,23,30,20
-8.297654,41.431825,79,12,34,31
-8.286106,41.433203,62,16,38,22
-8.300739,41.433135,75,21,50,28
-8.288419,41.433821,53,11,30,21
-8.299177,41.434379,138,47,85,54
-8.294611,41.435875,177,33,99,81
-8.292754,41.435648,361,107,199,140
-8.29357,41.433396,121,37,68,43
-8.29099,41.436246,323,53,158,143
-8.293825,41.437668,224,32,122,97
-8.297449,41.437544,82,15,37,38
-8.298141,41.439673,50,14,27,24
-8.260309,41.441387,12,0,12,5
-8.302084,41.442583,184,31,73,82
-8.302088,41.443123,81,6,33,39
-8.343397,41.460552,37,9,21,13
-8.300364,41.4588,198,49,127,81
-8.268837,41.461024,157,53,100,58
-8.267988,41.46096,40,10,23,12
-8.262825,41.460242,36,10,23,12
-8.312201,41.461427,51,7,25,22
-8.342101,41.459758,73,18,50,24
-8.399822,41.459726,35,9,22,12
-8.346782,41.461374,46,11,19,19
-8.344551,41.461263,91,16,40,39
-8.290145,41.46132,196,48,123,72
-8.308447,41.460798,127,31,65,49
-8.343879,41.462015,42,13,25,12
-8.258854,41.460558,39,8,23,16
-8.298688,41.461397,85,12,48,35
-8.352181,41.462194,13,2,10,4
-8.318156,41.461416,70,20,36,23
-8.349841,41.462323,48,10,25,17
-8.311481,41.461793,69,12,38,30
-8.347571,41.462199,51,15,34,18
-8.353538,41.462545,22,8,13,6
-8.321471,41.511661,91,21,58,30
-8.351199,41.515628,55,18,26,17
-8.302851,41.514261,3,1,2,1
-8.368661,41.51466,33,8,20,12
-8.331842,41.460358,66,14,41,29
-8.254528,41.461042,82,23,49,26
-8.314154,41.46195,36,6,25,13
-8.28772,41.461801,65,18,34,21
-8.396463,41.458936,36,6,21,16
-8.353256,41.519204,99,29,58,32
-8.346416,41.519396,6,2,2,2
-8.265685,41.516033,0,0,0,0
-8.284992,41.514692,5,2,2,2
-8.359713,41.520663,23,4,12,9
-8.356776,41.52063,38,7,21,20
-8.344514,41.521133,62,25,35,21
-8.324438,41.380225,73,16,37,29
-8.327797,41.379992,83,11,44,31
-8.321625,41.380701,61,9,39,25
-8.387143,41.379347,122,29,74,41
-8.278827,41.457227,30,4,16,9
-8.276699,41.45697,70,13,38,28
-8.288749,41.456513,84,15,42,35
-8.29278,41.456742,67,13,34,26
-8.335333,41.455598,76,18,49,26
-8.276554,41.45689,41,7,20,16
-8.290174,41.45714,84,25,45,27
-8.278281,41.457611,25,1,10,12
-8.252036,41.456601,68,20,39,23
-8.278608,41.457735,59,5,27,26
-8.278939,41.457203,119,19,55,58
-8.282207,41.45742,194,40,118,78
-8.351583,41.473396,38,7,26,12
-8.338275,41.474076,109,22,55,40
-8.330862,41.473365,16,5,7,5
-8.33544,41.474444,59,11,35,21
-8.224738,41.473743,17,3,11,5
-8.256152,41.475292,52,6,34,24
-8.327212,41.473408,50,13,26,19
-8.340006,41.474968,42,7,15,17
-8.362902,41.474231,16,3,10,5
-8.357913,41.474066,63,23,30,22
-8.302609,41.474625,15,2,11,6
-8.25508,41.474225,178,57,106,57
-8.336142,41.477041,156,37,99,54
-8.221862,41.476349,36,13,21,12
-8.349097,41.474145,19,4,11,7
-8.407138,41.444363,36,2,14,18
-8.311236,41.443166,134,33,70,46
-8.2958,41.443388,64,12,34,32
-8.255186,41.442819,84,24,50,25
-8.294841,41.443486,49,7,30,25
-8.30348,41.444169,169,27,76,71
-8.321075,41.444044,70,28,42,22
-8.332611,41.442118,15,2,11,8
-8.345511,41.443525,76,20,41,25
-8.293211,41.443979,24,1,12,16
-8.28309,41.441789,298,98,176,101
-8.366883,41.441348,58,14,40,16
-8.301368,41.444122,305,53,147,138
-8.358088,41.442474,17,7,8,6
-8.296301,41.444486,42,8,22,21
-8.280903,41.443712,198,56,123,77
-8.244743,41.444432,21,5,7,9
-8.376206,41.442772,53,16,29,19
-8.295941,41.460869,60,6,40,23
-8.28402,41.461945,62,19,34,24
-8.351073,41.462409,57,15,30,21
-8.270994,41.460436,198,64,129,67
-8.278023,41.460395,27,6,17,11
-8.349152,41.462576,54,9,29,24
-8.323155,41.461846,6,2,2,1
-8.353016,41.463065,22,2,13,9
-8.31031,41.46274,62,5,28,26
-8.343549,41.462838,56,11,31,18
-8.35084,41.463171,35,3,22,12
-8.263257,41.462947,20,5,13,7
-8.352579,41.463449,17,4,9,6
-8.338221,41.460174,85,19,52,31
-8.328228,41.462728,44,12,25,16
-8.328684,41.517373,36,5,19,17
-8.313288,41.517571,50,14,32,15
-8.273268,41.453527,77,12,36,32
-8.244925,41.450659,19,5,8,7
-8.266011,41.453812,109,18,57,46
-8.29726,41.454775,78,7,46,32
-8.251876,41.453873,65,20,37,20
-8.287039,41.457721,84,11,43,39
-8.238061,41.466575,10,1,6,5
-8.259199,41.468011,13,1,7,4
-8.375498,41.467117,92,24,54,33
-8.381404,41.468092,25,3,14,11
-8.404728,41.465708,44,4,22,18
-8.268665,41.474286,20,2,8,11
-8.273443,41.473013,73,14,42,24
-8.322974,41.474047,63,17,39,21
-8.325234,41.474788,121,27,78,40
-8.337259,41.475659,80,23,42,30
-8.352528,41.475842,46,15,28,14
-8.401513,41.472587,52,13,35,20
-8.329331,41.476,63,20,34,18
-8.297542,41.474297,0,0,0,0
-8.397906,41.433821,70,19,39,21
-8.335168,41.431877,63,13,40,23
-8.349844,41.43419,47,10,13,16
-8.302282,41.433628,187,55,119,70
-8.246113,41.474276,93,14,60,30
-8.253007,41.476617,47,9,24,19
-8.269552,41.476883,24,3,12,11
-8.309497,41.474304,24,3,18,11
-8.329404,41.476708,42,14,26,15
-8.339965,41.476391,102,20,56,38
-8.393965,41.475197,52,15,33,16
-8.409258,41.471684,0,0,0,0
-8.254495,41.477718,51,16,26,18
-8.372883,41.50885,22,6,12,5
-8.34395,41.508658,14,5,6,4
-8.238119,41.50892,24,6,12,9
-8.248938,41.509111,106,24,59,39
-8.321838,41.509628,36,9,18,12
-8.296905,41.505003,64,16,33,22
-8.24031,41.50958,26,5,11,10
-8.37957,41.509712,32,8,19,12
-8.367564,41.50804,66,21,34,23
-8.288491,41.506539,79,25,46,22
-8.409734,41.444642,38,6,19,14
-8.403747,41.452321,60,14,34,17
-8.399505,41.454936,25,4,15,11
-8.391104,41.45475,5,2,2,2
-8.425063,41.458877,40,6,26,16
-8.416585,41.4587,85,10,14,12
-8.418773,41.45972,90,23,53,29
-8.413533,41.461797,22,2,12,9
-8.419297,41.46251,31,7,20,10
-8.424278,41.462906,50,14,22,16
-8.431314,41.464046,39,5,28,14
-8.421269,41.468891,0,0,0,0
-8.26802,41.455068,91,22,51,34
-8.265474,41.455388,78,14,44,29
-8.262568,41.455411,32,4,17,13
-8.340163,41.454667,41,13,24,12
-8.2829,41.455452,124,25,68,50
-8.35203,41.40943,12,3,6,5
-8.302632,41.41161,0,0,0,0
-8.309689,41.412222,47,6,34,15
-8.320367,41.412001,94,18,50,32
-8.265686,41.411809,39,12,22,13
-8.319088,41.417738,132,41,82,41
-8.357965,41.416708,49,5,31,22
-8.329111,41.415668,7,1,4,3
-8.256638,41.430841,63,15,39,21
-8.233321,41.430879,20,3,12,9
-8.307693,41.431579,115,20,52,45
-8.289332,41.475196,70,20,42,24
-8.270393,41.476518,60,12,37,24
-8.338065,41.477075,177,49,113,62
-8.321645,41.477309,51,15,27,19
-8.282686,41.474814,105,35,62,40
-8.229039,41.475394,66,21,34,22
-8.3988,41.473721,66,21,33,23
-8.340613,41.477404,109,29,68,36
-8.249411,41.476767,41,13,19,14
-8.329302,41.477463,51,15,31,17
-8.336359,41.434841,27,7,10,10
-8.282533,41.434916,176,39,91,67
-8.261084,41.475379,70,17,40,23
-8.337514,41.478081,176,62,108,62
-8.314403,41.476458,39,15,20,10
-8.355098,41.478239,78,21,47,28
-8.226322,41.477239,71,18,47,23
-8.346272,41.477188,35,11,18,12
-8.336742,41.478375,77,29,46,21
-8.338832,41.478334,99,31,59,35
-8.39066,41.476057,78,19,44,29
-8.331156,41.477933,125,41,73,41
-8.334933,41.47802,56,14,33,24
-8.280004,41.476143,79,23,43,27
-8.31839,41.478509,107,37,49,38
-8.337608,41.479646,29,8,15,11
-8.377671,41.478235,39,18,19,10
-8.351477,41.478729,83,25,50,29
-8.320892,41.480259,36,8,19,13
-8.24427,41.478409,62,17,38,21
-8.337093,41.480119,78,25,48,26
-8.333256,41.480435,97,23,65,35
-8.359202,41.478504,77,15,38,26
-8.265736,41.480305,18,3,10,7
-8.344924,41.478972,72,13,33,29
-8.33143,41.480505,49,14,27,14
-8.251949,41.509944,100,30,51,34
-8.348027,41.509466,17,2,6,8
-8.270528,41.531095,28,9,12,11
-8.341169,41.532141,43,6,27,15
-8.301844,41.532252,20,6,11,7
-8.260999,41.531147,16,4,6,5
-8.298444,41.533034,39,5,21,16
-8.229441,41.537784,4,0,1,4
-8.305815,41.441923,169,37,94,65
-8.388924,41.442698,47,6,26,19
-8.298514,41.443571,226,50,107,105
-8.304073,41.443025,311,57,161,133
-8.294113,41.443865,36,1,15,22
-8.369551,41.409401,14,2,8,6
-8.325484,41.40971,76,19,49,26
-8.239298,41.409644,56,18,33,18
-8.322966,41.409766,18,2,13,7
-8.310636,41.408988,51,9,32,20
-8.27424,41.410556,77,26,41,26
-8.296183,41.410098,127,32,71,48
-8.369151,41.411712,33,8,19,12
-8.289065,41.412568,83,27,53,27
-8.27785,41.412129,65,21,32,21
-8.374769,41.412146,13,1,5,6
-8.316175,41.455691,51,12,33,20
-8.305065,41.45602,129,45,73,41
-8.330081,41.453235,25,4,19,8
-8.278877,41.456176,147,25,77,62
-8.239562,41.453188,66,16,41,22
-8.281978,41.456654,46,6,26,20
-8.282282,41.455599,244,42,137,99
-8.26177,41.455757,31,6,22,10
-8.249051,41.455323,129,43,71,41
-8.300497,41.45528,76,27,43,24
-8.244504,41.455511,87,25,53,30
-8.282556,41.456873,40,7,20,17
-8.278436,41.457119,21,3,11,10
-8.321561,41.454118,20,2,11,8
-8.307299,41.413287,63,16,33,22
-8.313471,41.412054,18,3,11,6
-8.299647,41.413066,10,0,6,6
-8.359341,41.411102,70,16,42,21
-8.320548,41.413979,55,22,28,16
-8.317098,41.413526,44,10,24,18
-8.225797,41.426288,0,0,0,0
-8.303019,41.432321,133,30,70,50
-8.243467,41.430426,83,18,54,30
-8.383322,41.431635,83,25,52,27
-8.326933,41.431544,25,2,11,11
-8.324367,41.431897,117,29,73,40
-8.242867,41.432209,47,7,32,19
-8.280597,41.431728,37,7,17,13
-8.330549,41.430539,90,17,65,34
-8.354087,41.432525,21,2,12,11
-8.320547,41.43241,13,0,9,5
-8.384842,41.431525,71,22,36,25
-8.265131,41.473011,7,3,4,2
-8.304315,41.433222,196,26,72,46
-8.342015,41.432493,106,22,53,41
-8.303371,41.433556,207,40,123,83
-8.23929,41.432031,163,40,101,59
-8.32377,41.477833,48,10,28,21
-8.287184,41.475835,66,20,37,23
-8.325767,41.477621,77,28,44,23
-8.273773,41.477175,25,8,14,9
-8.236525,41.476464,16,3,9,6
-8.29641,41.476341,9,2,6,5
-8.330178,41.479005,40,8,23,14
-8.335984,41.478979,103,33,63,31
-8.33438,41.479219,91,26,57,32
-8.267578,41.478092,53,7,26,25
-8.338304,41.479103,245,79,152,86
-8.333744,41.478633,111,33,57,34
-8.379331,41.432088,20,0,17,8
-8.346018,41.43496,73,19,44,25
-8.245629,41.435289,7,0,4,4
-8.397015,41.43591,46,5,26,19
-8.400143,41.435588,117,30,60,43
-8.323939,41.435348,54,11,29,23
-8.284723,41.436441,107,21,65,41
-8.317695,41.435314,92,20,54,36
-8.240982,41.435649,31,4,17,13
-8.313386,41.437213,56,11,28,22
-8.314056,41.479672,28,5,17,8
-8.404266,41.478703,24,6,14,9
-8.258138,41.480256,83,18,42,35
-8.317296,41.498976,48,15,29,13
-8.270434,41.497939,11,2,7,4
-8.249207,41.500467,39,6,27,17
-8.311112,41.500122,53,9,34,20
-8.380694,41.498809,1,0,0,1
-8.321019,41.500403,101,20,57,39
-8.284321,41.497689,16,5,10,4
-8.321954,41.47014,44,14,23,17
-8.278574,41.469978,65,12,41,21
-8.283799,41.471189,47,14,30,18
-8.304368,41.469423,57,19,30,19
-8.316814,41.469372,31,13,17,10
-8.282657,41.470996,36,5,22,14
-8.227552,41.470089,21,5,16,7
-8.331161,41.470286,26,5,17,11
-8.301151,41.470004,47,7,36,11
-8.278162,41.470596,118,37,64,37
-8.358643,41.469611,44,12,25,14
-8.253913,41.498802,25,4,19,8
-8.344167,41.503302,33,5,25,15
-8.365434,41.504137,39,11,23,14
-8.371577,41.504551,22,7,11,9
-8.298794,41.410632,41,11,23,11
-8.331185,41.41001,14,4,8,5
-8.306836,41.410492,32,6,18,12
-8.246635,41.409819,109,41,61,36
-8.30143,41.409823,94,29,54,27
-8.318679,41.411327,34,10,19,13
-8.236767,41.409734,63,19,35,17
-8.320336,41.410938,86,18,44,36
-8.248225,41.411189,56,20,34,19
-8.345397,41.409522,6,2,1,2
-8.271114,41.453305,75,14,48,32
-8.30902,41.452822,142,27,84,53
-8.321315,41.413934,153,38,94,52
-8.314861,41.413675,75,16,41,29
-8.34242,41.456371,85,14,36,34
-8.306947,41.456345,97,38,50,33
-8.311989,41.456467,32,5,18,14
-8.265576,41.456527,71,16,50,22
-8.259311,41.457071,32,6,21,11
-8.278157,41.457579,87,16,52,36
-8.285539,41.456371,41,11,22,12
-8.308406,41.456477,12,0,5,4
-8.343519,41.457883,35,2,23,15
-8.251479,41.4579,41,11,21,14
-8.280809,41.457668,87,28,51,32
-8.272268,41.457106,33,9,22,11
-8.284517,41.458701,213,45,138,100
-8.287538,41.458048,362,112,205,125
-8.247984,41.457324,46,12,31,15
-8.267187,41.457949,61,11,36,24
-8.31244,41.458935,80,11,44,37
-8.267292,41.458508,0,0,0,0
-8.373036,41.414826,2,0,2,1
-8.34218,41.411094,0,0,0,0
-8.293616,41.414197,29,5,17,9
-8.398905,41.430451,59,14,33,19
-8.358535,41.432987,167,45,111,60
-8.338933,41.431204,82,11,46,34
-8.385777,41.434005,48,14,28,17
-8.250096,41.431053,72,17,45,25
-8.39494,41.433507,35,7,20,13
-8.275415,41.429935,5,2,3,1
-8.302072,41.436819,232,54,144,92
-8.389198,41.435449,90,22,48,30
-8.291838,41.437015,116,28,67,43
-8.314649,41.437297,25,3,12,11
-8.337446,41.435744,51,15,26,17
-8.353784,41.479374,22,5,11,9
-8.258866,41.479106,36,9,22,11
-8.331462,41.479229,33,12,16,11
-8.367885,41.475245,24,2,16,8
-8.327918,41.478688,109,34,63,35
-8.341341,41.478772,173,33,107,72
-8.340446,41.479209,54,11,29,20
-8.393865,41.437375,55,15,31,19
-8.239246,41.502348,7,0,6,3
-8.347966,41.50675,35,5,28,13
-8.28017,41.505473,3,1,2,1
-8.349911,41.504929,71,22,40,27
-8.250054,41.504525,66,17,35,21
-8.254409,41.506394,30,6,22,10
-8.352875,41.50659,30,8,20,11
-8.355889,41.504328,99,23,58,40
-8.311035,41.506115,2,0,1,1
-8.31899,41.410465,132,42,80,48
-8.269865,41.410849,95,24,61,33
-8.259301,41.408718,35,10,19,11
-8.300002,41.410717,41,6,25,17
-8.356001,41.409724,75,20,40,26
-8.279473,41.410342,62,11,42,23
-8.324481,41.411491,86,20,55,29
-8.313041,41.410732,13,5,6,5
-8.287243,41.411046,59,21,32,18
-8.377573,41.408957,63,16,34,20
-8.311331,41.469013,45,11,21,16
-8.280708,41.470389,53,17,28,16
-8.340179,41.469809,45,6,25,22
-8.264311,41.469037,50,13,28,23
-8.327337,41.469969,34,11,16,10
-8.286169,41.470519,74,14,50,28
-8.344351,41.467121,52,11,29,20
-8.393495,41.46961,47,12,24,15
-8.379435,41.47087,51,13,25,17
-8.272441,41.470463,28,5,15,11
-8.341544,41.417414,13,4,8,5
-8.301262,41.420099,43,6,18,19
-8.260603,41.471464,10,2,5,5
-8.268367,41.470377,47,10,24,15
-8.362927,41.470515,63,15,39,22
-8.287103,41.471804,40,7,20,15
-8.395957,41.434516,83,18,50,28
-8.383528,41.433293,85,24,45,28
-8.371321,41.431987,18,5,13,6
-8.396829,41.434784,94,21,66,36
-8.353025,41.434624,107,18,67,44
-8.367279,41.432109,51,19,25,16
-8.277395,41.43327,8,2,3,3
-8.243836,41.433342,49,13,28,15
-8.356142,41.434444,138,36,73,45
-8.350061,41.435117,89,24,43,32
-8.309601,41.434143,11,0,6,6
-8.257028,41.433327,68,24,37,21
-8.398705,41.434615,55,17,31,21
-8.303315,41.435048,452,144,268,173
-8.336662,41.480409,102,32,64,35
-8.398504,41.478653,32,9,17,11
-8.363331,41.480983,46,12,19,15
-8.324916,41.480261,75,18,46,25
-8.395685,41.479501,65,10,38,21
-8.262728,41.494839,70,23,36,22
-8.227621,41.498303,5,2,3,2
-8.336619,41.498581,93,8,25,14
-8.325305,41.499854,125,21,70,45
-8.309293,41.438848,17,0,8,7
-8.331176,41.436976,0,0,0,0
-8.398683,41.437692,74,12,44,30
-8.342662,41.436874,75,21,42,27
-8.325268,41.437784,0,0,0,0
-8.393506,41.439214,36,3,21,15
-8.293603,41.439425,43,12,25,18
-8.372512,41.502628,1,0,1,1
-8.366978,41.503548,48,17,26,17
-8.303888,41.502592,89,20,59,29
-8.322875,41.502687,26,3,14,9
-8.329212,41.50305,62,17,37,22
-8.324718,41.502895,18,5,9,8
-8.259433,41.502086,45,12,28,17
-8.355361,41.467766,99,27,62,31
-8.281477,41.46954,131,38,79,44
-8.336957,41.470101,56,11,31,20
-8.39942,41.46872,54,12,33,20
-8.386255,41.468423,40,12,22,12
-8.296567,41.47022,41,6,23,14
-8.283934,41.470895,70,13,42,27
-8.225873,41.495814,14,2,9,6
-8.239648,41.494096,1,0,1,1
-8.340416,41.496614,29,6,13,10
-8.335176,41.497474,56,12,32,22
-8.276668,41.494517,14,2,8,4
-8.311268,41.496973,35,7,21,12
-8.317848,41.496535,51,15,29,18
-8.352688,41.395181,44,14,22,14
-8.375323,41.395131,76,14,34,30
-8.348866,41.416782,114,31,74,34
-8.294821,41.445545,89,10,40,43
-8.403938,41.445008,58,11,31,19
-8.393665,41.447381,36,3,23,17
-8.283869,41.448558,203,68,121,73
-8.405391,41.447582,38,8,24,11
-8.403073,41.447901,20,4,10,9
-8.284776,41.448362,204,61,129,81
-8.385159,41.447494,35,8,21,16
-8.300959,41.416715,16,1,5,10
-8.304957,41.417471,176,22,59,29
-8.369359,41.416302,182,42,88,71
-8.301619,41.41853,73,16,42,28
-8.361422,41.417737,43,5,25,17
-8.311247,41.412161,49,9,27,17
-8.26214,41.410576,121,44,68,37
-8.24722,41.412327,36,8,20,13
-8.370685,41.41248,32,6,13,12
-8.287299,41.412767,51,8,26,23
-8.326377,41.411766,62,7,38,19
-8.370204,41.413153,24,4,6,10
-8.264766,41.412889,47,14,31,14
-8.267297,41.412084,82,22,47,26
-8.318099,41.412833,60,17,34,20
-8.30945,41.413179,70,12,40,27
-8.282551,41.411451,41,6,25,18
-8.309197,41.41362,47,13,28,17
-8.36926,41.413659,23,5,9,11
-8.250108,41.411734,51,11,34,18
-8.371895,41.41342,36,7,21,15
-8.351492,41.413699,62,13,39,24
-8.348978,41.415242,52,9,19,12
-8.301826,41.435086,248,67,154,98
-8.284393,41.435214,153,33,75,61
-8.280908,41.4345,106,19,57,42
-8.380309,41.434975,37,6,20,16
-8.353428,41.435525,97,27,54,34
-8.300207,41.436131,105,28,70,43
-8.361546,41.439138,81,19,43,28
-8.245721,41.438159,31,6,18,10
-8.382049,41.439945,77,23,43,25
-8.29356,41.440421,72,9,42,43
-8.312421,41.439338,240,51,127,95
-8.294157,41.440162,90,12,56,42
-8.39649,41.438768,29,6,16,12
-8.291145,41.439846,160,26,89,68
-8.248995,41.438565,69,20,45,24
-8.247771,41.469371,50,10,30,18
-8.384231,41.47164,52,12,34,18
-8.353649,41.471432,21,6,12,6
-8.23064,41.471022,42,9,26,16
-8.329187,41.471957,52,7,21,21
-8.294258,41.471262,19,6,7,7
-8.246552,41.471444,61,19,27,21
-8.290716,41.471262,0,0,0,0
-8.389126,41.470351,74,24,36,22
-8.241399,41.47184,51,15,32,16
-8.252809,41.470146,7,1,4,4
-8.22928,41.491551,21,6,10,8
-8.352037,41.493671,136,46,83,43
-8.347867,41.493401,31,6,21,10
-8.349096,41.493228,29,8,18,12
-8.351667,41.493263,68,15,37,26
-8.356164,41.498078,39,8,24,12
-8.333398,41.497541,69,24,32,25
-8.253333,41.496665,31,6,19,12
-8.330024,41.497347,98,24,56,34
-8.247718,41.496946,65,14,41,21
-8.352524,41.497414,57,16,25,21
-8.344893,41.496977,98,13,53,44
-8.347135,41.498812,24,7,14,8
-8.312505,41.497994,50,14,27,18
-8.29384,41.497006,88,25,50,31
-8.32833,41.498764,50,15,26,15
-8.362021,41.497774,85,25,42,29
-8.36719,41.498135,49,7,21,18
-8.255769,41.408578,0,0,0,0
-8.313488,41.414822,52,11,25,21
-8.320258,41.414379,85,14,44,30
-8.274306,41.413146,19,4,10,9
-8.291075,41.414494,39,8,22,15
-8.351574,41.414745,28,6,14,10
-8.285281,41.413954,33,6,18,12
-8.250836,41.413184,48,12,29,17
-8.311626,41.41514,37,5,23,16
-8.259646,41.413978,25,8,17,8
-8.309854,41.414753,62,12,39,22
-8.348185,41.412532,4,2,2,1
-8.363722,41.414571,31,11,20,10
-8.307373,41.415108,52,15,28,16
-8.305953,41.415335,43,15,22,12
-8.319169,41.414779,89,21,49,27
-8.321469,41.415506,127,42,79,43
-8.363587,41.434625,101,17,55,40
-8.376375,41.432886,13,3,9,4
-8.291988,41.437296,114,19,67,58
-8.391122,41.437122,35,8,20,14
-8.314857,41.437743,43,7,18,19
-8.367717,41.436398,18,6,10,5
-8.363722,41.43729,50,20,26,13
-8.299364,41.437914,114,28,64,45
-8.269047,41.432639,0,0,0,0
-8.3111,41.437762,125,31,82,53
-8.387847,41.436382,75,15,41,25
-8.300869,41.437325,192,42,110,72
-8.395652,41.437656,37,9,16,14
-8.390218,41.439669,53,10,32,20
-8.291617,41.441511,95,24,51,38
-8.318555,41.440157,63,14,32,26
-8.382242,41.441104,26,3,13,9
-8.303605,41.44968,170,46,100,68
-8.270418,41.448899,116,41,71,43
-8.282119,41.449984,70,10,37,27
-8.305598,41.449417,47,7,21,22
-8.338626,41.449181,68,18,36,23
-8.380758,41.449102,14,2,10,4
-8.301075,41.449637,277,81,165,112
-8.28147,41.449693,585,155,344,240
-8.303235,41.450588,230,75,129,82
-8.305185,41.450303,175,59,106,65
-8.25131,41.473858,131,36,87,45
-8.337551,41.493221,101,21,51,40
-8.380071,41.490426,0,0,0,0
-8.388505,41.490721,9,1,8,3
-8.23159,41.492138,9,1,5,4
-8.286564,41.445465,171,34,91,71
-8.391753,41.443443,90,20,59,33
-8.286085,41.446818,155,22,80,72
-8.28855,41.44611,165,41,88,71
-8.396936,41.446135,8,1,3,3
-8.357887,41.436659,116,30,76,39
-8.354691,41.437176,68,16,33,26
-8.279732,41.436761,126,40,65,35
-8.373421,41.436185,148,23,63,23
-8.312059,41.438195,328,95,189,117
-8.29928,41.438565,107,37,60,39
-8.38426,41.43723,113,25,55,42
-8.393109,41.438538,42,11,20,14
-8.284055,41.437945,41,4,23,19
-8.303746,41.437127,127,25,82,55
-8.395764,41.438416,50,8,36,16
-8.315051,41.438759,54,9,27,25
-8.30804,41.436041,0,0,0,0
-8.284711,41.43904,87,15,46,35
-8.23559,41.472348,18,3,11,8
-8.254959,41.475988,31,8,19,10
-8.269278,41.47539,109,25,58,43
-8.241381,41.47728,47,11,28,18
-8.373822,41.478255,26,4,15,8
-8.321844,41.479621,49,12,36,19
-8.334831,41.480185,51,17,21,17
-8.231764,41.480133,26,8,12,8
-8.320137,41.492274,75,19,43,25
-8.361895,41.492929,24,2,17,9
-8.310129,41.489915,0,0,0,0
-8.286226,41.447141,153,43,89,61
-8.285607,41.44685,64,10,33,30
-8.40056,41.446483,55,5,31,23
-8.286934,41.447279,100,26,62,45
-8.373163,41.389671,81,21,49,23
-8.298569,41.416985,55,12,32,23
-8.310333,41.418737,70,18,42,25
-8.348332,41.418878,65,20,40,21
-8.317262,41.437471,11,2,2,4
-8.332334,41.437574,76,14,48,29
-8.244985,41.438141,65,14,40,24
-8.383469,41.439366,123,31,73,45
-8.288922,41.438639,317,68,166,132
-8.295584,41.439872,46,7,25,21
-8.365741,41.438333,68,22,38,21
-8.334897,41.438597,39,13,22,14
-8.382087,41.437478,28,6,18,9
-8.309309,41.438425,1,0,0,1
-8.300587,41.439403,124,9,62,64
-8.309467,41.439881,82,26,43,25
-8.246848,41.438431,7,1,2,4
-8.396841,41.451409,109,20,68,38
-8.385494,41.457263,0,0,0,0
-8.428648,41.458942,61,10,34,24
-8.366259,41.45344,65,17,38,26
-8.370304,41.389666,94,27,49,29
-8.328662,41.389833,81,15,57,27
-8.278263,41.390006,73,14,44,28
-8.282929,41.389405,43,16,23,13
-8.33332,41.390048,76,19,37,27
-8.37553,41.390918,29,4,15,12
-8.329456,41.391674,46,7,28,19
-8.27159,41.391444,22,6,10,9
-8.337686,41.390639,98,23,47,35
-8.37529,41.392701,28,8,14,10
-8.255101,41.414564,15,3,11,5
-8.303526,41.415604,108,35,62,35
-8.302606,41.419005,19,2,5,9
-8.315899,41.4191,40,16,18,14
-8.299014,41.419388,93,21,54,41
-8.362231,41.418695,5,0,3,2
-8.296319,41.419072,93,15,55,36
-8.251778,41.437284,31,7,19,12
-8.302062,41.439754,135,33,77,53
-8.300584,41.440643,85,15,46,46
-8.358866,41.439903,50,13,33,19
-8.395199,41.439372,53,16,24,20
-8.288269,41.440278,13,0,1,3
-8.296562,41.440494,123,11,71,63
-8.383685,41.440526,42,9,19,19
-8.303741,41.439959,69,12,44,37
-8.376243,41.439727,3,0,3,1
-8.285851,41.440318,214,69,120,77
-8.301496,41.441389,34,6,22,18
-8.385696,41.439942,0,0,0,0
-8.289789,41.441429,86,22,42,33
-8.299009,41.44128,90,10,48,54
-8.31627,41.447595,332,117,205,100
-8.33554,41.44892,51,7,28,22
-8.281279,41.451198,224,75,135,77
-8.329634,41.44887,55,11,35,21
-8.254765,41.448907,24,9,12,8
-8.263128,41.451331,121,37,74,38
-8.31366,41.487426,51,12,34,17
-8.332262,41.487341,24,5,15,10
-8.335386,41.392408,54,18,30,21
-8.332042,41.393051,175,33,109,71
-8.371466,41.392589,165,29,90,60
-8.337825,41.393132,38,13,22,12
-8.368957,41.39241,78,13,46,28
-8.329124,41.393678,20,6,13,7
-8.294277,41.419629,92,24,49,36
-8.304527,41.419017,48,5,26,18
-8.376163,41.416376,31,7,18,11
-8.317936,41.419337,70,20,42,22
-8.277712,41.45205,196,59,122,82
-8.290828,41.442993,40,5,17,24
-8.287247,41.443324,75,18,40,31
-8.288778,41.443282,106,19,53,47
-8.285577,41.44365,50,15,24,18
-8.290924,41.443753,32,8,12,10
-8.291995,41.443606,29,19,6,5
-8.287079,41.444183,162,32,74,65
-8.295231,41.444675,25,4,10,10
-8.292413,41.444938,44,11,22,13
-8.284981,41.444703,77,20,44,26
-8.289955,41.444522,21,4,8,8
-8.288928,41.444715,115,18,58,54
-8.293873,41.444988,36,2,17,16
-8.283902,41.449557,41,11,25,17
-8.287416,41.448799,88,15,43,31
-8.283682,41.449991,43,3,22,18
-8.289995,41.447696,44,39,5,3
-8.401745,41.448128,31,6,15,13
-8.285733,41.449548,185,25,125,44
-8.2838,41.450298,61,5,27,29
-8.286075,41.450362,98,15,49,45
-8.259107,41.439115,7,2,3,3
-8.380743,41.442053,102,27,60,41
-8.292705,41.442396,27,4,15,14
-8.337833,41.440097,77,14,44,30
-8.301039,41.442473,21,5,9,9
-8.287736,41.442483,49,11,29,15
-8.350426,41.439409,63,11,31,26
-8.234777,41.486862,45,4,28,24
-8.341392,41.488825,50,11,29,21
-8.315316,41.488136,54,17,35,17
-8.302336,41.487565,34,8,22,11
-8.338598,41.489191,66,16,31,23
-8.358522,41.488797,46,6,25,20
-8.242579,41.487196,59,17,39,24
-8.342889,41.489444,49,6,27,16
-8.352746,41.489605,39,13,26,13
-8.317136,41.488643,95,28,59,32
-8.367588,41.487542,7,0,4,3
-8.362888,41.488926,35,6,25,13
-8.360346,41.488961,25,1,15,12
-8.27818,41.488674,5,2,3,1
-8.280131,41.490055,19,4,12,6
-8.284984,41.489307,9,2,4,4
-8.22246,41.487456,0,0,0,0
-8.273058,41.486491,29,4,19,11
-8.232522,41.489768,43,8,30,14
-8.344398,41.490097,76,11,37,28
-8.247775,41.48832,11,2,7,4
-8.350105,41.395669,98,23,56,35
-8.347319,41.394229,73,19,45,21
-8.380509,41.396052,36,6,20,18
-8.369044,41.39556,84,22,57,28
-8.266305,41.41589,37,11,23,14
-8.263688,41.415388,34,13,15,12
-8.351698,41.41661,65,12,38,24
-8.306681,41.417301,51,10,38,16
-8.287855,41.416796,45,11,31,14
-8.318832,41.417046,137,41,80,43
-8.292997,41.416515,52,6,33,21
-8.344652,41.414859,2,0,2,2
-8.352713,41.417009,12,0,11,7
-8.368677,41.41789,43,7,25,20
-8.278835,41.416082,29,5,13,13
-8.348456,41.417492,42,10,27,15
-8.336651,41.379093,46,12,22,14
-8.330333,41.380565,86,10,54,35
-8.340355,41.379707,99,27,56,39
-8.34225,41.380758,77,15,48,29
-8.359102,41.379049,32,7,20,11
-8.349255,41.380402,54,4,38,27
-8.332227,41.380958,38,11,20,11
-8.399649,41.449095,37,14,21,11
-8.392636,41.449803,59,14,34,19
-8.38214,41.449925,40,7,20,17
-8.284048,41.451153,80,13,40,37
-8.282803,41.451065,77,12,39,31
-8.282112,41.451688,24,6,14,9
-8.386738,41.449948,69,16,44,22
-8.39922,41.452121,59,20,33,15
-8.390724,41.451853,45,11,25,15
-8.367494,41.427289,63,23,35,18
-8.353765,41.427961,150,40,94,53
-8.228996,41.423766,10,3,6,4
-8.252976,41.421972,46,9,29,15
-8.241259,41.427403,48,19,19,18
-8.379709,41.426011,18,6,8,7
-8.333279,41.426764,36,6,19,14
-8.296274,41.428569,85,29,48,27
-8.236973,41.427861,76,17,52,25
-8.295453,41.428658,57,14,30,24
-8.355672,41.428121,45,8,23,18
-8.38256,41.428268,30,8,13,9
-8.336752,41.427602,63,16,38,21
-8.236544,41.428638,64,15,42,21
-8.302341,41.428178,71,11,45,25
-8.304035,41.428211,216,57,146,91
-8.366092,41.428298,199,62,135,65
-8.303844,41.429612,217,79,132,80
-8.307971,41.427363,90,21,47,33
-8.354585,41.429484,27,5,13,12
-8.322378,41.441927,21,5,11,8
-8.293482,41.441658,100,13,64,59
-8.29326,41.442082,70,6,37,44
-8.290516,41.442055,75,10,21,14
-8.286933,41.442105,113,27,67,50
-8.346004,41.441849,30,7,22,10
-8.294229,41.442817,52,7,32,30
-8.319915,41.441361,58,7,33,23
-8.319482,41.442786,49,10,32,21
-8.38245,41.442068,86,29,49,27
-8.293136,41.44307,71,16,32,32
-8.298605,41.442592,151,7,41,50
-8.314266,41.442537,63,9,32,25
-8.35469,41.440997,56,11,34,23
-8.245682,41.442084,115,40,65,39
-8.280697,41.441268,18,3,13,7
-8.31613,41.44304,19,3,9,8
-8.308935,41.441777,202,68,118,67
-8.319908,41.443162,20,2,14,6
-8.258065,41.486608,32,7,16,14
-8.352055,41.488295,93,29,53,35
-8.291716,41.48719,22,6,12,8
-8.35355,41.488165,43,6,26,20
-8.317215,41.444008,38,1,22,17
-8.30406,41.444726,158,21,72,72
-8.29452,41.447558,107,11,53,46
-8.302541,41.448076,232,23,106,95
-8.294417,41.448474,183,31,120,100
-8.264889,41.447875,58,18,37,16
-8.297538,41.447686,239,32,125,109
-8.303388,41.448387,11,0,8,4
-8.310203,41.447388,108,30,71,38
-8.380294,41.486181,4,1,3,1
-8.268176,41.489011,30,7,18,8
-8.361885,41.490786,59,11,33,25
-8.349395,41.492195,78,24,44,25
-8.350979,41.49249,56,9,32,21
-8.359788,41.491661,20,5,11,7
-8.37026,41.491219,23,7,14,7
-8.366491,41.491519,57,13,32,20
-8.286748,41.510121,64,24,32,20
-8.355027,41.509143,25,3,13,11
-8.234035,41.394848,29,7,15,11
-8.225444,41.394763,3,1,0,2
-8.377788,41.39518,79,15,43,34
-8.25519,41.395495,44,13,21,15
-8.269356,41.39537,10,3,5,3
-8.373755,41.395582,104,21,65,33
-8.382576,41.396261,62,15,29,21
-8.222892,41.396157,42,7,22,18
-8.343451,41.39662,43,15,22,14
-8.380196,41.396813,35,5,25,14
-8.247816,41.394799,25,6,16,8
-8.272432,41.395649,39,13,22,12
-8.27634,41.39615,95,18,58,34
-8.376005,41.396872,88,15,53,32
-8.32682,41.396718,72,9,48,34
-8.351403,41.397088,65,18,35,21
-8.363047,41.396771,121,23,70,51
-8.382795,41.39706,85,23,43,31
-8.268468,41.413224,44,8,24,18
-8.366338,41.413758,94,19,49,28
-8.351717,41.368884,25,6,14,8
-8.370933,41.370227,15,3,8,7
-8.366472,41.371119,29,1,21,14
-8.376368,41.368444,32,5,21,13
-8.39341,41.36994,82,15,51,30
-8.353787,41.369948,10,1,4,5
-8.368429,41.371115,46,4,17,16
-8.38124,41.373406,53,13,28,18
-8.311716,41.418115,32,10,17,11
-8.307745,41.418572,59,9,35,24
-8.346028,41.419278,35,11,16,11
-8.301461,41.419232,54,9,32,21
-8.321977,41.418122,76,16,54,27
-8.300599,41.398607,39,16,22,10
-8.337517,41.398486,26,5,12,9
-8.324086,41.397736,75,19,44,24
-8.222096,41.398819,100,30,64,37
-8.370665,41.397876,78,13,36,33
-8.241544,41.396798,70,21,40,24
-8.343873,41.399242,40,8,22,16
-8.225782,41.398132,29,4,10,14
-8.354709,41.398441,82,23,49,28
-8.271253,41.398781,14,2,6,8
-8.378245,41.39974,34,8,20,12
-8.274278,41.3994,94,21,56,32
-8.276097,41.399539,78,21,38,29
-8.374891,41.39901,48,7,26,18
-8.364134,41.39932,20,5,7,8
-8.28531,41.397134,84,21,53,28
-8.385076,41.366471,35,7,18,11
-8.387469,41.367822,14,1,9,6
-8.356305,41.367646,29,3,12,14
-8.384157,41.368456,45,6,19,22
-8.383622,41.369304,87,9,45,39
-8.38671,41.368906,77,22,44,27
-8.279345,41.420466,33,9,17,13
-8.343704,41.421793,44,7,23,18
-8.348015,41.422637,66,8,30,28
-8.347908,41.423147,59,13,41,21
-8.383983,41.374205,32,6,12,14
-8.346277,41.372668,61,9,41,26
-8.370963,41.372762,52,10,26,18
-8.374625,41.373665,38,7,23,13
-8.359979,41.423793,99,29,67,34
-8.354904,41.422888,55,4,27,25
-8.346084,41.423066,84,27,49,28
-8.28536,41.423053,37,9,15,12
-8.386565,41.423811,37,9,18,14
-8.288149,41.423264,66,20,40,21
-8.348259,41.424077,79,9,37,33
-8.335594,41.423071,63,13,30,25
-8.352005,41.424403,89,23,62,34
-8.349288,41.424266,56,10,26,23
-8.343642,41.423996,93,13,61,40
-8.345245,41.424074,55,11,28,24
-8.314743,41.423864,52,13,37,17
-8.341301,41.422809,56,7,28,22
-8.271039,41.420096,0,0,0,0
-8.346073,41.397854,65,16,40,25
-8.38236,41.398692,42,8,29,13
-8.289854,41.427101,72,22,42,23
-8.350139,41.427873,99,15,46,45
-8.346103,41.42717,16,3,3,5
-8.36718,41.399939,69,13,37,28
-8.233435,41.398386,46,10,28,16
-8.271951,41.400792,105,33,63,34
-8.351222,41.399735,17,5,8,7
-8.360702,41.399245,56,15,35,15
-8.371526,41.400699,44,3,28,17
-8.273253,41.401495,90,22,54,31
-8.279208,41.400017,42,14,24,15
-8.293108,41.399028,140,41,76,51
-8.253076,41.399775,66,20,39,22
-8.28805,41.401366,99,21,56,37
-8.290523,41.401552,51,10,23,19
-8.288356,41.401278,79,12,40,35
-8.239474,41.42921,62,20,38,17
-8.292368,41.428689,39,5,16,16
-8.347971,41.42927,71,12,37,30
-8.393303,41.427087,58,13,38,25
-8.355988,41.429564,162,53,105,60
-8.389758,41.36875,137,26,85,47
-8.367641,41.369841,55,8,35,19
-8.380203,41.369635,65,14,39,24
-8.390128,41.370311,41,7,19,14
-8.349127,41.374929,153,34,92,53
-8.341856,41.37592,65,8,54,9
-8.382339,41.376395,97,27,58,29
-8.335538,41.376485,26,3,18,11
-8.372542,41.376109,32,3,21,10
-8.350814,41.378377,62,11,32,25
-8.36595,41.377749,13,2,6,8
-8.323201,41.378034,97,21,52,38
-8.332655,41.422727,6,2,4,1
-8.381578,41.42409,34,5,20,13
-8.301458,41.424238,8,3,4,3
-8.338507,41.423598,52,14,26,17
-8.350296,41.424342,56,11,29,25
-8.301035,41.426156,53,9,26,23
-8.302282,41.426137,66,7,41,35
-8.347144,41.425082,143,27,83,54
-8.337542,41.426081,45,11,25,16
-8.313341,41.425726,105,27,65,37
-8.349457,41.426416,92,21,53,33
-8.348077,41.425882,53,11,22,22
-8.297752,41.425855,43,6,23,19
-8.389481,41.425213,46,7,29,19
-8.297698,41.426568,66,10,32,31
-8.360074,41.425328,39,6,19,19
-8.31176,41.440815,181,38,106,63
-8.313895,41.440615,404,87,245,167
-8.380995,41.441109,118,31,66,42
-8.29752,41.395914,45,11,28,15
-8.257713,41.39924,42,15,26,13
-8.228541,41.398051,48,11,29,17
-8.339654,41.399449,36,5,18,13
-8.328723,41.398771,48,7,29,17
-8.381664,41.40026,50,16,26,18
-8.316264,41.428692,56,11,28,27
-8.352474,41.4295,70,15,40,22
-8.370614,41.402941,59,8,39,23
-8.229028,41.401015,17,6,10,4
-8.331909,41.401353,37,10,22,13
-8.287318,41.403194,51,14,28,18
-8.324008,41.403418,53,9,25,22
-8.344684,41.401589,0,0,0,0
-8.377752,41.402702,117,26,64,45
-8.379115,41.40366,54,8,30,18
-8.371395,41.404043,37,6,22,15
-8.373656,41.40309,65,11,37,24
-8.230456,41.403556,44,12,23,16
-8.376816,41.404009,30,4,18,14
-8.326381,41.40316,42,9,26,12
-8.368928,41.403636,43,6,21,17
-8.328522,41.403635,22,7,13,6
-8.38306,41.402184,51,13,27,15
-8.319939,41.403961,55,12,32,19
-8.270328,41.404438,36,12,23,13
-8.372496,41.404709,29,3,14,13
-8.391155,41.373603,18,6,9,6
-8.380756,41.37494,53,8,35,19
-8.353425,41.374961,49,10,26,18
-8.367922,41.374504,73,14,41,22
-8.384582,41.375352,47,10,20,21
-8.34647,41.375638,26,4,16,13
-8.365254,41.374332,103,18,53,36
-8.383908,41.375795,25,4,11,11
-8.339,41.374747,3,1,2,1
-8.318066,41.375597,68,15,37,26
-8.38601,41.375624,58,14,33,23
-8.35226,41.375097,73,10,35,28
-8.379898,41.375628,38,8,25,12
-8.355781,41.374841,194,42,116,69
-8.328125,41.37836,111,23,53,43
-8.380634,41.377905,119,29,77,40
-8.390103,41.377666,32,4,19,13
-8.318172,41.377527,12,1,6,6
-8.322259,41.378693,163,37,94,65
-8.260838,41.420435,0,0,0,0
-8.344982,41.425021,53,8,26,23
-8.355255,41.424801,64,10,31,27
-8.367237,41.423922,0,0,0,0
-8.336118,41.424484,123,25,62,52
-8.354979,41.425411,17,3,10,6
-8.291358,41.423583,74,19,40,24
-8.300679,41.425586,195,46,110,74
-8.237147,41.422346,120,30,70,41
-8.246007,41.424687,81,21,46,29
-8.365992,41.426538,36,7,19,12
-8.36493,41.424434,149,28,72,56
-8.294713,41.425113,107,23,65,38
-8.335177,41.426474,42,16,20,14
-8.356452,41.425998,70,12,17,13
-8.311532,41.425355,5,2,3,2
-8.348054,41.426387,67,11,37,26
-8.288405,41.426721,59,19,34,18
-8.294334,41.441688,73,6,40,42
-8.30139,41.441848,55,8,23,29
-8.321708,41.44164,100,27,55,34
-8.278976,41.440418,81,21,34,31
-8.317449,41.441609,70,10,31,30
-8.296662,41.441635,135,19,79,78
-8.316808,41.441114,177,27,89,77
-8.294811,41.44181,50,7,31,24
-8.252554,41.441549,43,6,34,14
-8.324254,41.400656,82,18,42,28
-8.266007,41.399693,51,14,29,16
-8.291382,41.401364,70,17,39,25
-8.223291,41.400134,56,14,32,20
-8.269662,41.401567,41,12,24,12
-8.370562,41.402315,23,3,11,8
-8.364511,41.401787,15,0,10,9
-8.380186,41.401779,4,1,1,2
-8.263348,41.400548,59,21,38,17
-8.272513,41.42764,0,0,0,0
-8.363069,41.430222,51,14,33,18
-8.324891,41.405181,60,17,34,18
-8.236966,41.403886,20,0,16,6
-8.281425,41.404817,76,17,43,29
-8.284796,41.404966,75,11,46,26
-8.316026,41.402987,60,13,33,23
-8.290797,41.404778,50,10,28,16
-8.36444,41.404105,34,3,13,16
-8.231564,41.405465,40,8,29,17
-8.292773,41.404874,126,34,71,45
-8.300593,41.405766,21,4,17,7
-8.370251,41.405711,33,7,20,12
-8.234522,41.402361,47,12,27,21
-8.369056,41.40637,61,20,36,19
-8.262017,41.40524,106,18,71,37
-8.380528,41.404929,151,38,79,60
-8.385364,41.441551,52,11,28,18
-8.300668,41.44295,59,9,32,27
-8.338681,41.395972,64,16,37,19
-8.380743,41.397604,25,7,15,10
-8.281677,41.394383,109,25,65,40
-8.259991,41.396235,39,11,18,16
-8.354409,41.396913,46,10,31,14
-8.377884,41.397373,71,14,41,28
-8.33094,41.396276,115,22,73,39
-8.361124,41.394953,12,1,6,5
-8.349993,41.397653,82,11,54,35
-8.374704,41.397029,52,8,30,23
-8.379653,41.397851,93,27,50,29
-8.366094,41.397341,61,13,33,20
-8.384358,41.397904,38,10,22,15
-8.253818,41.397261,14,4,8,6
-8.276107,41.398474,32,7,14,11
-8.325342,41.398408,69,20,36,24
-8.299867,41.426819,58,18,29,18
-8.296121,41.427251,100,19,51,46
-8.299692,41.427709,92,23,46,35
-8.31177,41.427364,80,13,46,33
-8.297048,41.427672,74,15,47,28
-8.383679,41.426568,50,11,25,19
-8.314252,41.42775,94,26,59,32
-8.291997,41.427602,86,12,43,32
-8.312345,41.427999,46,7,24,22
-8.248845,41.426756,26,6,16,9
-8.320497,41.427557,73,20,42,22
-8.245303,41.42742,55,10,30,22
-8.294686,41.427494,99,19,61,36
-8.238627,41.427244,29,9,16,9
-8.365045,41.488628,30,4,18,11
-8.241399,41.489373,13,3,8,5
-8.328499,41.489034,73,19,41,23
-8.297062,41.487692,9,3,2,3
-8.26589,41.402993,44,9,33,15
-8.271079,41.402786,119,25,66,44
-8.292362,41.403429,38,5,17,17
-8.376584,41.402119,22,4,9,10
-8.373075,41.425325,81,23,41,32
-8.260636,41.399883,143,42,86,46
-8.240041,41.400242,2,0,2,1
-8.291087,41.402372,32,6,19,12
-8.292507,41.40237,33,6,18,13
-8.320802,41.400848,47,13,24,16
-8.277462,41.400248,82,24,48,26
-8.323745,41.402583,59,7,35,23
-8.255698,41.401204,38,10,20,11
-8.283679,41.400786,168,50,86,52
-8.226213,41.401702,11,3,8,4
-8.297459,41.401286,41,11,24,13
-8.259935,41.402871,77,17,49,25
-8.269317,41.402759,70,23,40,23
-8.385602,41.42799,71,22,39,26
-8.306099,41.430632,107,34,62,31
-8.39042,41.430005,80,19,41,27
-8.312686,41.429737,23,2,12,11
-8.356692,41.430069,203,55,128,74
-8.307584,41.430241,83,20,45,30
-8.321526,41.429516,78,24,44,27
-8.274644,41.403672,0,0,0,0
-8.289472,41.404246,63,15,35,23
-8.241222,41.404297,71,16,41,25
-8.321929,41.404492,76,16,41,27
-8.352073,41.463956,52,10,29,23
-8.345731,41.463502,67,13,44,24
-8.270125,41.463372,103,22,67,31
-8.287762,41.462887,6,1,5,2
-8.273278,41.464072,41,11,21,14
-8.268132,41.46219,97,25,59,33
-8.305536,41.462686,46,10,26,19
-8.302118,41.46377,3,0,3,2
-8.34654,41.464499,34,6,19,13
-8.259464,41.463424,56,14,34,23
-8.290224,41.464407,40,7,22,15
-8.353544,41.46437,19,4,8,7
-8.252674,41.404042,1,0,0,1
-8.36077,41.404711,82,16,53,29
-8.278917,41.404261,36,7,24,14
-8.225076,41.405014,62,12,31,23
-8.315174,41.444606,25,5,16,8
-8.313954,41.444398,206,40,135,84
-8.24875,41.443188,21,3,14,9
-8.302855,41.445117,133,15,57,67
-8.386196,41.443374,90,32,50,29
-8.382088,41.444182,30,7,14,10
-8.311914,41.444716,315,66,167,123
-8.30617,41.444908,573,129,274,229
-8.306658,41.445378,211,50,87,91
-8.276646,41.444626,146,46,82,56
-8.30983,41.445761,130,34,76,50
-8.263459,41.44425,49,16,29,17
-8.241022,41.441276,16,2,8,5
-8.253072,41.444645,65,16,41,23
-8.327071,41.444777,27,5,17,11
-8.253146,41.443714,40,7,27,15
-8.238666,41.460713,4,0,3,1
-8.334223,41.463794,9,2,4,4
-8.351241,41.464753,45,15,23,19
-8.355614,41.463942,40,7,25,14
-8.280058,41.465152,27,3,13,11
-8.329381,41.465055,85,26,52,29
-8.319692,41.464035,96,21,55,34
-8.297935,41.519086,53,16,29,18
-8.34173,41.521619,43,11,24,14
-8.327022,41.520322,43,3,25,17
-8.323061,41.519497,99,25,61,36
-8.328916,41.405358,61,16,39,18
-8.241272,41.406243,89,26,51,28
-8.351423,41.403756,105,17,66,35
-8.365496,41.406392,135,26,85,54
-8.244738,41.405416,89,31,55,28
-8.232302,41.40588,80,22,45,26
-8.23785,41.405501,64,16,42,20
-8.324549,41.40641,67,16,38,20
-8.356555,41.40607,95,19,49,39
-8.292135,41.406582,62,19,30,25
-8.23464,41.407035,57,16,38,18
-8.265227,41.406479,33,5,20,11
-8.241601,41.407359,63,10,38,25
-8.360136,41.407343,65,15,34,24
-8.246826,41.403223,74,18,45,26
-8.316171,41.444791,33,4,18,12
-8.339305,41.444343,52,10,33,22
-8.307832,41.445245,344,77,223,140
-8.309577,41.445215,85,23,54,34
-8.38036,41.445916,51,6,28,21
-8.297302,41.445478,84,9,43,37
-8.348207,41.463772,70,15,40,28
-8.389406,41.460371,25,7,14,8
-8.323146,41.465438,49,14,29,20
-8.32399,41.465522,31,8,16,12
-8.346487,41.465189,75,14,50,26
-8.282516,41.464819,33,12,17,9
-8.383837,41.462929,8,2,6,3
-8.342212,41.465628,89,24,49,31
-8.254911,41.464899,67,19,39,22
-8.270917,41.465656,38,10,19,13
-8.309122,41.465552,90,19,46,36
-8.337081,41.404334,57,10,39,20
-8.365459,41.407988,49,7,26,17
-8.303518,41.40761,66,13,40,26
-8.224902,41.406501,80,21,44,27
-8.371363,41.407642,77,13,43,31
-8.290846,41.407479,105,33,59,36
-8.271045,41.440691,89,14,59,32
-8.305006,41.446239,222,51,119,84
-8.251289,41.44547,3,0,2,1
-8.283487,41.446393,60,17,20,23
-8.381318,41.446189,85,15,35,35
-8.345471,41.445667,72,16,40,26
-8.370458,41.444509,29,5,12,14
-8.381777,41.446355,34,10,15,11
-8.306794,41.446875,133,26,86,54
-8.377842,41.445836,148,48,90,46
-8.283541,41.446937,20,4,7,8
-8.30566,41.446666,80,14,46,33
-8.30447,41.447203,102,28,54,37
-8.346536,41.446942,67,19,42,24
-8.26478,41.446097,80,22,46,25
-8.28373,41.447266,166,53,87,57
-8.270348,41.445995,0,0,0,0
-8.331474,41.466161,153,36,85,59
-8.296095,41.464729,28,7,13,8
-8.277456,41.462751,73,23,37,26
-8.311254,41.465388,47,13,21,15
-8.27433,41.466191,48,15,22,19
-8.380901,41.465443,61,15,35,22
-8.395867,41.464804,47,12,29,11
-8.286431,41.465791,69,13,41,24
-8.249109,41.465647,50,11,35,18
-8.289232,41.46612,52,13,26,18
-8.278033,41.466704,4,0,2,2
-8.308634,41.466608,67,12,35,25
-8.328486,41.407826,77,18,37,25
-8.366779,41.407879,55,4,28,24
-8.375587,41.40651,52,8,29,20
-8.319068,41.407926,117,25,66,44
-8.323661,41.408122,82,20,49,26
-8.300305,41.42694,59,7,32,23
-8.297908,41.427378,39,8,16,16
-8.282761,41.424653,84,22,47,28
-8.373848,41.452964,58,12,26,19
-8.367152,41.452038,126,35,78,46
-8.35876,41.453684,68,16,37,22
-8.357986,41.453828,48,12,25,18
-8.316494,41.406265,81,19,45,29
-8.22996,41.406575,52,12,26,22
-8.364668,41.451104,27,6,17,11
-8.41125,41.450224,65,13,36,21
-8.365179,41.45198,7,1,3,3
-8.366087,41.452214,26,7,15,7
-8.230812,41.407735,24,5,12,11
-8.296285,41.405979,62,9,40,28
-8.293341,41.40854,77,26,44,24
-8.325604,41.408278,53,11,35,22
-8.269493,41.406544,40,13,21,13
-8.368692,41.407777,58,16,23,22
-8.300018,41.445905,0,0,0,0
-8.28438,41.447416,105,31,58,40
-8.347782,41.446987,51,7,38,21
-8.373907,41.446546,7,1,4,3
-8.258378,41.444613,55,14,28,18
-8.302657,41.40723,83,17,49,34
-8.322016,41.407653,109,24,59,38
-8.370343,41.408414,91,15,57,32
-8.22734,41.408196,60,18,31,21
-8.312533,41.406988,4,0,4,1
-8.229664,41.408777,40,11,20,14
-8.269219,41.409179,37,2,30,13
-8.266864,41.407749,63,16,38,22
-8.254763,41.40703,11,3,6,4
-8.284753,41.407391,53,13,27,20
-8.306165,41.407749,56,3,12,3
-8.331091,41.407786,35,7,19,12
-8.298613,41.409527,87,20,59,26
-8.373555,41.408099,48,12,23,16
-8.275923,41.408052,44,10,27,15
-8.264078,41.464879,25,4,19,11
-8.342483,41.446584,106,28,63,39
-8.284552,41.447691,104,33,52,46
-8.30143,41.447686,214,26,90,94
-8.283355,41.447926,155,44,81,62
-8.3816,41.447607,33,3,20,13
-8.302213,41.447845,248,45,118,98
-8.377726,41.447499,39,13,24,13
-8.383877,41.446295,73,10,32,27
-8.295999,41.447042,42,7,17,16
-8.369139,41.447485,103,33,55,33
-8.373872,41.448102,6,2,4,1
-8.261607,41.445563,85,21,43,34
-8.304955,41.448296,156,38,105,70
-8.347343,41.448209,45,12,24,15
-8.340386,41.448483,85,17,46,35
-8.352293,41.448968,56,12,36,23
-8.37525,41.449784,41,14,21,12
-8.369232,41.448986,57,11,41,19
-8.365754,41.449435,235,64,153,82
-8.376806,41.449598,64,16,28,25
-8.37614,41.450982,30,6,17,10
-8.379062,41.45058,15,3,6,6
-8.355618,41.451101,109,33,58,36
-8.349524,41.465545,36,11,17,11
-8.399823,41.464612,84,27,45,24
-8.361991,41.450636,407,105,208,115
-8.364116,41.452802,148,36,81,50
-8.363683,41.454317,197,71,117,61
-8.362844,41.454634,105,34,65,29
-8.361452,41.455111,221,58,137,80
-8.298336,41.408096,62,16,34,25
-8.327381,41.408293,82,21,45,31
-8.241302,41.409034,86,27,52,27
-8.327437,41.409397,25,4,14,10
-8.248315,41.408526,106,39,61,32
-8.350589,41.445746,15,2,6,6
-8.304144,41.446423,271,41,158,122
-8.301612,41.447213,151,38,66,67
-8.282419,41.417604,104,24,59,35
-8.316788,41.42011,44,8,33,13
-8.370447,41.420375,85,22,50,29
-8.335994,41.416981,18,2,12,6
-8.368482,41.419975,20,2,12,10
-8.333971,41.418923,75,10,47,29
-8.373007,41.418727,41,8,17,18
-8.290701,41.419217,17,1,13,7
-8.317516,41.420509,24,3,17,8
-8.296619,41.420671,43,9,26,14
-8.283802,41.419359,63,13,41,24
-8.301438,41.42064,15,3,10,8
-8.286942,41.419074,23,5,12,9
-8.316483,41.421054,82,23,53,28
-8.40837,41.450607,19,2,10,9
-8.373821,41.450671,78,18,42,32
-8.355059,41.452606,47,10,31,19
-8.354155,41.450414,32,7,18,12
-8.370631,41.451866,120,25,63,42
-8.376992,41.452778,33,2,22,15
-8.413574,41.452279,57,13,37,20
-8.348342,41.451454,14,2,8,5
-8.366487,41.454958,96,30,58,36
-8.413405,41.45349,68,15,42,24
-8.411581,41.454633,29,6,14,12
-8.35006,41.454799,59,16,35,20
-8.418702,41.454302,31,11,18,11
-8.359429,41.455502,76,26,41,24
-8.422132,41.454,45,8,23,18
-8.425559,41.455809,55,7,37,19
-8.356671,41.455192,90,26,57,27
-8.359917,41.456804,35,9,26,10
-8.416859,41.455293,61,12,33,20
-8.364602,41.455639,119,28,71,45
-8.277482,41.468304,28,5,13,11
-8.34301,41.466306,117,32,70,40
-8.245761,41.465038,42,10,28,14
-8.261792,41.466694,64,17,34,26
-8.27235,41.467869,88,23,46,34
-8.298328,41.466302,67,18,38,22
-8.28429,41.421565,10,0,6,4
-8.368961,41.421667,101,32,67,34
-8.372886,41.421802,65,11,35,28
-8.346693,41.421421,55,12,31,21
-8.338499,41.419639,2,0,2,1
-8.367356,41.421888,17,1,11,6
-8.372038,41.421148,69,19,47,19
-8.287731,41.42135,62,13,34,23
-8.231628,41.409598,24,7,17,7
-8.234517,41.408964,54,13,35,17
-8.286389,41.408507,25,6,18,8
-8.271169,41.409912,57,24,31,17
-8.295427,41.417896,57,10,32,20
-8.315769,41.41772,89,20,41,33
-8.355857,41.452367,71,14,38,26
-8.379583,41.452473,16,7,9,5
-8.354967,41.453253,77,18,50,27
-8.35224,41.452656,44,13,25,12
-8.417735,41.451575,68,15,43,27
-8.367328,41.421154,30,6,19,10
-8.343666,41.419874,69,16,42,23
-8.375468,41.420739,55,12,34,22
-8.369306,41.420816,14,5,8,4
-8.349048,41.420625,5,1,2,2
-8.317914,41.421169,53,9,31,17
-8.368227,41.421235,217,61,131,78
-8.345709,41.421101,52,6,33,26
-8.347387,41.420794,59,15,31,25
-8.334804,41.421814,52,7,33,19
-8.332262,41.419829,3,1,2,1
-8.354766,41.420807,60,13,33,21
-8.303007,41.421745,2,0,0,1
-8.373718,41.422988,35,5,17,16
-8.300293,41.422085,34,7,20,13
-8.296137,41.422024,121,23,78,44
-8.354031,41.422755,122,33,74,43
-8.361905,41.421468,34,10,20,12
-8.310569,41.42159,67,12,31,27
-8.349627,41.422694,67,12,32,27
-8.352359,41.423467,61,18,34,21
-8.351467,41.423687,110,39,68,37
-8.358543,41.421807,50,10,21,18
-8.356198,41.4232,14,0,8,8
-8.361282,41.423633,48,10,25,17
-8.374918,41.422067,183,46,89,70
-8.315581,41.422033,81,8,31,17
-8.371846,41.422419,154,37,96,57
-8.368972,41.422342,67,8,33,30
-8.346501,41.422424,173,59,94,58
-8.36215,41.457594,48,11,29,17
-8.360777,41.458332,32,7,13,12
-8.358753,41.457747,69,24,43,22
-8.405605,41.455435,86,16,52,31
-8.42138,41.457642,52,15,32,15
-8.350173,41.457195,84,17,57,26
-8.423715,41.457982,78,21,36,23
-8.354891,41.459257,75,21,46,24
-8.366727,41.457806,91,17,49,38
-8.357206,41.458805,61,15,37,19
-8.409016,41.457714,47,11,29,19
-8.345947,41.421613,28,4,13,12
-8.300062,41.421431,155,37,93,55
-8.366359,41.418946,139,19,77,56
-8.297535,41.421264,33,7,16,12
-8.374387,41.421719,167,29,101,64
-8.390396,41.363453,21,5,13,10
-8.389959,41.364507,44,10,21,18
-8.393059,41.364583,64,8,31,26
-8.390884,41.365671,68,13,35,29
-8.394346,41.365995,23,6,13,9
-8.388133,41.366168,43,8,19,18
-8.358914,41.366385,62,15,41,19
-8.391094,41.367089,68,11,37,30
-8.392903,41.366534,78,11,45,34
-8.352702,41.419851,18,4,10,6
-8.298667,41.421924,301,69,197,115
-8.244167,41.419652,47,10,29,18
-8.317189,41.422458,62,7,32,26
-8.348442,41.425162,58,11,25,26
-8.233386,41.4233,5,0,3,2
-8.375858,41.382959,0,0,0,0
-8.306657,41.423412,6,2,2,2
-8.342967,41.391263,66,14,39,28
-8.296539,41.449535,520,109,335,238
-8.334188,41.498791,60,18,33,23
-8.32888,41.507513,3,0,2,2
-8.310398,41.444752,108,12,48,54
-8.276404,41.409805,108,38,64,32
-8.323748,41.506795,41,8,25,11
-8.283281,41.456369,89,23,50,35
-8.321705,41.443358,141,46,79,47
-8.28688,41.434168,35,10,22,12
-8.358733,41.450565,119,17,69,49
-8.38082,41.43291,27,5,13,9
-8.293925,41.421046,15,4,8,5
-8.27934,41.468266,72,17,37,23
-8.299784,41.419742,77,18,52,28
-8.266044,41.525852,32,6,23,14
-8.380047,41.446858,107,33,68,33
-8.34135,41.393054,107,24,59,38
-8.267904,41.458842,128,36,76,49
-8.218635,41.55678,9,3,2,5
-8.317123,41.493883,28,6,12,10
-8.32138,41.490974,35,12,23,9
-8.317339,41.444254,4,1,2,2
-8.325245,41.391575,54,10,30,18
-8.274331,41.45214,236,53,136,81
-8.325302,41.441213,22,3,12,8
-8.327616,41.441503,110,31,60,37
-8.325978,41.442259,149,42,84,47
-8.277295,41.457148,54,10,29,20
-8.309464,41.416654,81,14,37,31
-8.310297,41.484838,8,1,5,3
-8.318008,41.532628,2,1,1,1
-8.344978,41.377662,184,44,111,63
-8.369926,41.377293,114,27,59,34
-8.321654,41.379889,56,13,30,21
-8.357066,41.376975,37,6,19,16
-8.344987,41.379772,29,6,19,11
-8.204672,41.557847,16,6,9,5
-8.21573,41.557068,20,4,13,8
-8.303858,41.426266,224,76,143,79
-8.324535,41.468721,7,1,4,5
-8.387439,41.47262,85,22,48,29
-8.293914,41.412702,60,11,40,21
-8.332718,41.476318,51,13,32,19
-8.356407,41.424541,51,9,32,24
-8.232628,41.407667,32,9,15,12
-8.333053,41.535386,0,0,0,0
-8.267235,41.537294,4,1,3,1
-8.19702,41.549813,2,0,0,1
-8.210138,41.551491,7,0,2,5
-8.223544,41.552125,19,4,9,6
-8.206462,41.551656,11,2,6,4
-8.227806,41.552657,11,1,5,5
-8.206459,41.553279,28,8,16,10
-8.220546,41.553264,26,3,10,14
-8.203523,41.552068,28,6,15,12
-8.224976,41.553474,19,5,10,7
-8.20805,41.554075,21,4,8,8
-8.199828,41.55402,4,0,2,1
-8.214906,41.554157,28,4,14,14
-8.207588,41.556097,20,3,10,7
-8.202258,41.556982,13,4,9,4
-8.304005,41.446911,148,18,77,62
-8.342528,41.389094,84,31,50,26
-8.26272,41.460935,19,5,12,5
-8.265071,41.463644,62,11,40,26
-8.319501,41.412318,98,14,48,39
-8.291679,41.44018,254,32,83,63
-8.296767,41.448867,321,50,181,158
-8.402765,41.43405,80,24,49,26
-8.352619,41.487579,24,2,12,9
-8.397757,41.440615,58,14,31,20
-8.39437,41.435828,175,46,104,59
-8.29874,41.440456,35,6,19,17
-8.385779,41.436875,80,5,19,11
-8.390986,41.448344,32,6,17,13
-8.325144,41.386967,11,1,5,5
-8.279222,41.388449,32,7,16,11
-8.271645,41.386281,46,16,22,14
-8.330822,41.387054,0,0,0,0
-8.278629,41.387383,29,6,21,10
-8.371866,41.388186,68,18,44,22
-8.272934,41.450094,0,0,0,0
-8.316071,41.4521,164,54,105,54
-8.332451,41.451045,55,15,32,17
-8.2631,41.452223,98,18,59,36
-8.30799,41.452287,42,9,27,15
-8.276649,41.452283,60,23,32,19
-8.308217,41.501626,33,8,17,13
-8.317746,41.424473,22,6,16,9
-8.314904,41.420561,55,15,32,20
-8.299106,41.420943,296,77,198,97
-8.242293,41.506226,13,4,7,4
-8.371,41.507404,33,9,19,11
-8.319334,41.507659,64,12,36,21
-8.379667,41.508579,33,11,21,10
-8.35038,41.508811,67,14,38,21
-8.3138,41.507728,72,23,43,23
-8.366811,41.528257,51,17,23,10
-8.348284,41.494797,116,21,50,30
-8.233928,41.499957,0,0,0,0
-8.31998,41.493929,61,21,31,19
-8.223472,41.493375,5,1,2,2
-8.335312,41.495197,64,29,34,16
-8.335691,41.495883,70,21,41,25
-8.368847,41.494805,18,3,11,9
-8.305486,41.493732,60,15,36,20
-8.232533,41.495509,16,5,7,5
-8.360547,41.49647,90,25,55,32
-8.3342,41.494984,78,23,50,27
-8.249307,41.491907,17,3,11,7
-8.304976,41.496642,16,0,12,4
-8.32556,41.497489,18,6,11,5
-8.356457,41.497172,17,2,12,7
-8.365476,41.496217,25,5,9,12
-8.285242,41.493732,4,1,2,2
-8.353364,41.49949,92,25,63,30
-8.326603,41.499066,81,26,42,26
-8.332905,41.499613,55,15,28,16
-8.352207,41.499749,20,7,13,6
-8.350991,41.498967,37,5,14,17
-8.349863,41.498976,121,43,70,43
-8.348833,41.499948,28,12,16,7
-8.343774,41.499688,40,9,18,16
-8.305323,41.49918,59,11,30,24
-8.353341,41.500397,52,18,31,15
-8.373826,41.496425,35,9,17,10
-8.349608,41.501595,34,4,14,17
-8.300181,41.499782,26,8,13,9
-8.358257,41.499892,69,4,42,27
-8.362768,41.50027,73,18,44,28
-8.389678,41.498487,18,3,11,6
-8.36874,41.50022,60,13,32,18
-8.338478,41.50056,1,0,1,1
-8.245209,41.501033,38,9,20,15
-8.33075,41.501424,40,8,22,13
-8.335242,41.501717,23,4,13,8
-8.346102,41.505934,54,12,32,16
-8.267449,41.503563,25,6,16,10
-8.386664,41.505282,49,14,28,15
-8.349067,41.507825,31,5,25,12
-8.351664,41.507251,46,16,26,16
-8.322263,41.507737,56,20,34,18
-8.382469,41.505314,45,7,32,15
-8.363331,41.50701,6,1,3,2
-8.375544,41.506756,36,7,19,14
-8.251549,41.508319,48,7,27,18
-8.32107,41.507798,81,24,51,28
-8.342973,41.506484,44,8,23,18
-8.256196,41.507362,76,20,45,29
-8.232375,41.532311,8,0,7,3
-8.30932,41.533718,3,1,2,1
-8.302776,41.534848,17,4,12,6
-8.324825,41.533308,0,0,0,0
-8.365982,41.532047,0,0,0,0
-8.359244,41.532494,0,0,0,0
-8.351834,41.534613,0,0,0,0
-8.263915,41.535002,4,1,3,2
-8.341911,41.534663,0,0,0,0
-8.348046,41.378765,67,12,33,27
-8.331544,41.379729,71,11,38,31
-8.340448,41.382162,49,9,23,21
-8.34436,41.381425,99,18,54,41
-8.334689,41.381556,60,9,38,24
-8.331031,41.382043,61,14,33,19
-8.377214,41.380056,77,19,44,26
-8.337395,41.382489,87,13,23,16
-8.382757,41.379777,51,18,28,16
-8.331742,41.381309,37,9,21,14
-8.351513,41.381393,19,1,11,8
-8.281439,41.453111,72,23,42,28
-8.3356,41.452231,20,5,8,6
-8.266978,41.452884,91,19,44,39
-8.278739,41.453292,131,48,73,41
-8.340141,41.451842,59,16,35,17
-8.299076,41.452198,60,5,28,28
-8.34308,41.492918,35,6,19,14
-8.356127,41.492493,1,0,0,1
-8.338123,41.495283,49,14,26,18
-8.363437,41.49396,48,9,28,17
-8.367378,41.493967,47,13,25,18
-8.348806,41.495504,38,6,11,16
-8.351925,41.495155,13,4,5,5
-8.313452,41.495079,14,1,8,7
-8.364906,41.385571,9,3,4,3
-8.346084,41.384102,50,10,24,22
-8.279159,41.452292,90,15,56,38
-8.274152,41.452683,151,18,90,59
-8.305503,41.452021,149,53,87,52
-8.267454,41.451289,65,18,27,23
-8.249751,41.449255,21,3,13,9
-8.273627,41.452876,148,20,74,58
-8.30343,41.452231,91,26,58,31
-8.314189,41.451533,128,42,75,40
-8.382048,41.374742,32,3,22,16
-8.316993,41.438011,252,54,166,106
-8.34324,41.525462,19,0,12,9
-8.332621,41.493015,60,10,35,22
-8.324494,41.49382,44,10,22,16
-8.321834,41.496623,68,24,39,21
-8.360785,41.496144,51,12,25,21
-8.338831,41.494828,97,18,49,36
-8.356623,41.495967,55,9,35,17
-8.325371,41.496471,96,27,51,33
-8.326303,41.497409,36,11,15,10
-8.354538,41.496511,47,5,21,22
-8.343545,41.383247,57,9,27,25
-8.363078,41.381136,59,10,37,22
-8.373407,41.384636,43,10,26,12
-8.372815,41.382833,61,16,37,19
-8.32713,41.382977,1,0,1,1
-8.368785,41.38412,45,7,33,12
-8.370642,41.385203,30,2,12,13
-8.283878,41.452268,132,33,81,47
-8.275886,41.453203,19,1,10,8
-8.295185,41.452355,136,41,83,48
-8.251113,41.452662,65,20,38,21
-8.260142,41.451772,39,12,22,11
-8.345789,41.493158,100,22,50,41
-8.255175,41.492524,38,6,27,12
-8.315552,41.491793,103,27,58,32
-8.330614,41.491293,0,0,0,0
-8.352749,41.494227,51,15,28,19
-8.293036,41.492628,30,5,11,11
-8.336897,41.493554,65,15,31,23
-8.360779,41.493669,91,25,47,32
-8.312603,41.49338,53,11,30,19
-8.251763,41.492944,61,7,41,23
-8.337181,41.494824,47,9,25,15
-8.361824,41.494216,47,8,23,17
-8.331446,41.492236,38,10,18,15
-8.340094,41.382986,58,7,29,25
-8.369505,41.381434,43,16,22,14
-8.372261,41.385794,29,6,14,10
-8.335261,41.384583,99,22,55,36
-8.371391,41.386511,34,4,12,12
-8.361977,41.385543,71,17,44,21
-8.340824,41.385672,111,26,61,40
-8.275419,41.38612,37,10,21,13
-8.367868,41.386512,47,9,24,22
-8.344012,41.38695,78,16,44,32
-8.268502,41.38527,11,2,5,4
-8.3485,41.385916,92,23,54,27
-8.341383,41.387753,83,17,57,29
-8.337507,41.3869,59,11,35,21
-8.274873,41.38746,38,10,24,13
-8.361383,41.387784,23,4,9,10
-8.37497,41.387031,80,16,49,28
-8.353773,41.385267,37,7,19,12
-8.364191,41.387776,43,11,20,15
-8.369473,41.387913,269,59,126,71
-8.344756,41.389107,50,9,33,18
-8.274234,41.389544,45,8,28,18
-8.356712,41.386504,45,11,24,17
-8.27244,41.388222,49,15,31,17
-8.346236,41.389415,36,4,23,13
-8.367152,41.388356,49,10,34,16
-8.336172,41.389025,74,12,40,31
-8.340351,41.389396,90,34,55,28
-8.375896,41.389627,82,21,51,27
-8.362718,41.522539,35,12,21,12
-8.274596,41.391115,72,15,43,25
-8.37342,41.391754,32,6,17,13
-8.347759,41.390733,33,6,19,13
-8.35439,41.391176,0,0,0,0
-8.377129,41.391999,65,13,41,23
-8.330517,41.392268,56,10,33,20
-8.351997,41.391627,28,9,17,6
-8.331852,41.392329,49,7,26,18
-8.269445,41.390969,45,9,32,15
-8.327954,41.392919,65,11,37,24
-8.271904,41.39293,52,14,29,17
-8.333557,41.393464,75,21,39,29
-8.33277,41.382944,68,18,35,24
-8.274716,41.393378,27,6,15,10
-8.289734,41.391075,11,5,6,3
-8.377517,41.393735,31,6,17,12
-8.353416,41.393972,46,7,33,17
-8.333478,41.394662,57,16,34,19
-8.365067,41.391859,95,28,54,34
-8.277258,41.392673,64,18,37,23
-8.332922,41.39491,28,8,13,11
-8.372012,41.394667,38,13,18,12
-8.326841,41.394682,21,2,12,10
-8.350918,41.394322,51,10,37,16
-8.365862,41.395647,34,10,15,12
-8.34467,41.39558,69,17,40,25
-8.379582,41.443803,66,15,43,26
-8.300105,41.448124,109,35,57,36
-8.278013,41.445556,134,44,74,49
-8.347763,41.428139,23,3,10,13
-8.349922,41.425409,83,25,49,30
-8.323074,41.415232,66,23,41,20
-8.356022,41.433008,82,17,38,31
-8.275677,41.472076,77,22,49,23
-8.209949,41.559101,5,0,4,1
-8.369869,41.371996,27,5,18,9
-8.355148,41.482027,35,4,19,15
-8.310128,41.527725,33,6,21,13
-8.325628,41.465836,74,15,37,26
-8.29063,41.397382,107,18,68,41
-8.326685,41.46321,79,21,49,25
-8.346974,41.486354,367,93,223,137
-8.316642,41.439181,101,10,57,47
-8.329819,41.434462,29,4,22,12
-8.30597,41.532926,21,5,10,8
-8.259418,41.483455,23,3,9,9
-8.339216,41.446936,28,6,15,11
-8.363241,41.407394,65,11,37,22
-8.379495,41.395233,60,8,27,28
-8.340542,41.485422,35,4,21,13
-8.313436,41.415607,94,18,53,32
-8.328818,41.5133,35,12,19,12
-8.293012,41.44637,45,13,24,17
-8.372092,41.390165,47,9,26,18
-8.298791,41.494487,69,19,42,24
-8.39481,41.368262,4,1,1,3
-8.357631,41.424439,164,49,101,55
-8.323385,41.528406,36,8,17,14
-8.333872,41.379773,30,4,17,14
-8.254733,41.489079,56,19,34,20
-8.350338,41.469621,45,9,26,18
-8.355678,41.476457,129,22,71,45
-8.361184,41.4803,136,21,56,35
-8.326128,41.458418,2,0,2,1
-8.358706,41.39186,46,10,27,16
-8.345091,41.420685,77,15,41,27
-8.288944,41.431073,110,25,58,40
-8.252991,41.43106,71,19,44,25
-8.305957,41.471117,20,6,12,7
-8.316682,41.456969,63,15,39,18
-8.313793,41.455454,201,55,129,70
-8.374342,41.400837,26,6,13,10
